OBS,USEF1,USEF2,USEF3,USEF4,USEF5,EOU1,EOU2,EOU3,EOU4,EOU5,BI1,BI2,BI3,ATT1,ATT2,ATT3,ATT4,ATT5,USE1,USE2,USE3,USE4
1,7,6,6,5,6,6,6,6,6,6,6,6,6,6,6,6,6,6,5,6,5,6
2,7,7,7,6,7,7,5,6,6,7,7,7,7,7,7,7,7,7,6,6,5,7
3,7,7,7,7,7,6,6,6,7,7,6,7,7,7,7,7,7,7,6,6,4,5
4,7,7,7,6,7,7,7,5,6,7,7,7,7,6,6,6,5,6,6,6,5,4
5,7,7,7,7,7,7,7,7,7,7,7,7,7,4,4,4,4,4,6,6,5,1
6,7,7,7,7,7,7,7,7,7,7,7,6,7,7,7,7,7,7,6,6,5,4
7,7,7,7,7,7,7,5,7,6,6,7,7,7,5,6,6,6,6,6,6,1,1
8,7,7,7,7,7,7,7,7,7,7,7,7,7,7,7,7,7,7,6,6,5,5
9,7,7,7,6,7,7,6,6,7,7,7,6,7,7,7,7,7,7,6,6,3,2
10,7,6,7,6,7,7,7,6,5,7,7,4,7,3,5,6,5,4,6,6,5,6
11,7,6,6,7,6,2,6,4,3,7,7,6,5,7,7,7,7,7,6,6,5,7
12,7,7,7,7,7,7,7,7,6,6,7,6,7,6,6,6,6,6,6,6,5,6
13,7,7,7,7,7,4,5,5,6,4,5,5,6,7,7,7,7,7,5,6,3,1
14,7,7,7,7,6,5,5,6,5,6,6,6,6,5,5,6,6,5,6,6,5,8
15,7,7,7,7,7,5,5,7,6,5,7,7,7,7,7,7,7,7,6,6,5,6
16,7,7,7,7,7,7,7,7,7,7,7,6,6,7,5,5,6,7,6,6,5,6
17,7,7,7,7,7,6,4,5,4,3,5,3,5,7,7,7,7,7,6,6,5,8
18,7,7,7,7,7,7,6,6,6,6,6,6,6,6,6,6,7,7,6,6,4,2
19,7,7,7,7,7,4,1,4,2,5,7,4,7,7,7,7,7,7,6,6,4,2
20,7,6,7,6,7,7,5,7,7,7,7,6,7,6,5,5,5,6,5,6,5,6
21,7,7,7,7,7,6,5,5,5,5,7,7,7,7,7,7,7,7,6,6,5,5
22,7,7,7,7,7,7,7,7,7,7,7,7,7,7,6,7,7,7,6,6,5,8
23,7,7,7,7,7,7,7,7,7,7,7,7,7,4,4,4,7,4,6,6,5,1
24,7,7,7,7,7,6,7,7,7,6,6,6,6,7,7,7,7,7,5,6,4,4
25,6,3,3,4,5,3,3,4,5,5,5,3,3,4,4,4,4,4,6,6,2,4
26,7,7,7,7,7,7,5,6,7,6,7,6,7,7,6,6,7,7,5,6,3,3
27,7,6,6,6,7,6,1,4,4,5,6,5,5,6,6,6,7,7,4,6,4,3
28,5,7,6,5,5,7,6,5,4,5,6,5,5,6,6,5,7,7,4,6,3,3
29,7,4,4,4,7,6,7,5,7,6,6,5,5,6,6,6,6,6,6,6,3,1
30,7,7,7,7,7,7,7,7,6,7,7,6,6,7,7,7,7,7,6,6,4,1
31,7,7,7,5,6,5,4,4,5,5,4,4,5,7,6,6,6,6,6,6,5,2
32,7,6,7,5,6,6,6,3,5,5,6,3,5,3,4,2,3,2,5,6,1,1
33,7,7,7,6,7,4,5,5,5,6,6,5,6,6,6,6,7,7,5,6,3,1
34,7,5,6,5,5,6,6,5,6,5,7,6,6,5,5,5,5,6,6,6,1,4
35,7,7,7,7,7,7,6,6,6,6,4,4,6,7,7,7,7,7,5,6,1,1
36,7,7,6,7,7,4,3,5,3,7,6,1,7,6,6,5,7,7,4,6,3,2
37,7,7,7,7,7,7,5,6,6,7,7,7,7,7,6,6,7,7,6,6,5,5
38,7,7,6,7,6,6,6,6,7,6,6,7,7,6,5,5,7,6,4,6,3,3
39,5,4,4,5,3,4,3,5,6,6,5,3,3,2,3,3,2,2,6,6,5,1
40,7,7,7,7,7,5,3,5,5,3,7,5,6,5,6,7,7,7,3,6,3,3
41,7,7,7,7,7,7,7,7,7,7,7,7,7,7,7,7,7,7,6,6,5,3
42,7,7,7,7,7,6,4,6,4,5,7,1,7,7,7,5,6,5,4,6,3,4
43,7,7,7,7,7,7,7,7,7,7,7,7,7,7,7,7,7,7,6,6,5,5
44,7,7,7,7,7,5,4,5,7,1,1,4,7,6,5,6,7,7,6,6,4,2
45,6,5,6,6,6,6,6,6,6,6,5,6,6,6,5,6,7,7,4,6,5,1
46,7,7,7,7,7,6,6,5,5,4,6,6,6,7,7,7,7,7,6,6,5,6
47,7,7,7,7,7,7,7,7,7,6,6,6,6,6,5,6,7,7,6,6,5,3
48,7,7,7,7,7,7,6,7,7,7,7,7,7,6,6,6,6,6,5,6,5,5
49,7,6,4,5,6,5,3,4,4,4,5,4,4,5,4,5,6,6,3,6,2,2
50,7,7,7,7,7,7,7,7,7,7,7,6,7,6,6,6,7,7,6,6,1,1
51,7,7,6,7,7,4,5,6,6,7,7,7,7,6,6,5,7,7,6,6,4,4
52,7,7,7,7,7,7,7,7,7,7,7,7,7,7,7,7,7,7,6,6,5,3
53,7,7,7,7,7,7,7,7,7,4,7,7,7,6,6,6,7,7,2,3,1,2
54,7,7,7,7,7,6,5,5,5,6,6,6,5,6,6,6,6,6,4,6,5,4
55,7,7,7,7,7,7,5,7,7,5,7,7,7,7,7,7,7,7,6,6,5,1
56,7,7,7,7,7,7,6,6,6,7,7,7,7,6,6,7,7,7,6,6,5,3
57,7,5,7,5,7,4,5,4,5,5,5,5,5,7,7,7,7,7,6,6,3,2
58,7,7,7,7,7,7,7,6,6,7,7,7,7,6,6,7,7,6,6,6,5,4
59,7,7,7,7,7,7,6,6,6,6,7,5,7,6,5,5,6,6,6,6,5,4
60,7,7,7,7,7,7,2,6,4,4,7,7,7,7,7,7,7,7,6,6,5,7
61,7,7,7,7,7,5,6,6,6,6,5,3,3,6,6,6,6,6,5,6,5,3
62,7,6,5,6,6,7,7,7,7,7,6,6,6,7,7,7,7,7,5,5,2,4
63,6,7,6,7,6,7,6,7,6,7,7,6,7,6,7,6,7,6,2,2,2,2
64,6,6,6,5,6,6,5,5,6,5,7,5,7,5,5,6,6,6,4,6,2,2
65,7,7,7,7,7,6,6,7,7,6,7,6,6,7,7,7,7,7,6,6,2,3
66,7,7,7,7,7,7,7,7,7,7,7,7,7,7,7,7,7,7,2,6,1,2
67,6,5,7,6,5,7,6,7,6,7,7,5,6,6,6,5,6,7,3,2,2,2
68,7,7,7,7,7,6,5,6,6,5,5,4,4,7,7,7,7,7,3,5,3,2
69,7,7,7,7,7,7,6,7,6,7,7,7,6,7,6,7,7,7,2,6,2,2
70,6,6,6,6,6,6,6,7,7,6,7,7,7,7,7,7,7,7,5,6,3,6
71,6,5,4,4,5,7,6,7,6,7,7,6,7,7,7,7,7,7,5,6,3,3
72,7,7,7,7,7,7,5,7,6,4,7,7,7,7,7,7,7,7,5,6,3,3
73,6,7,6,6,7,7,6,6,7,7,7,6,6,7,4,7,5,7,6,6,3,4
74,6,6,6,6,6,4,4,5,5,6,6,6,4,6,6,6,6,7,7,6,5,3
75,4,5,5,4,5,6,3,4,5,4,6,5,6,6,5,5,6,7,4,5,2,4
76,7,7,6,6,6,5,5,6,6,6,6,2,3,7,7,6,7,7,4,6,3,3
77,7,7,7,7,7,7,7,7,7,7,7,6,6,7,7,7,7,7,6,6,4,9
78,7,7,7,7,7,7,6,6,7,7,7,7,7,7,6,7,7,7,4,6,2,1
79,7,7,7,7,7,7,7,7,7,7,7,7,7,7,7,7,7,7,6,6,5,9
80,7,7,6,6,7,6,6,6,6,6,7,5,7,7,7,7,6,7,6,6,5,8
81,5,5,6,5,4,7,5,6,5,6,5,6,5,6,6,7,6,6,5,6,3,4
82,7,7,7,7,7,7,7,7,7,7,7,7,7,7,7,7,7,7,6,6,5,10
83,5,5,6,6,6,3,6,6,5,4,6,5,5,6,6,6,6,7,6,6,3,4
84,5,5,6,6,6,6,6,6,4,3,5,5,6,7,7,7,7,7,6,6,5,9
85,7,5,5,5,5,7,5,7,7,7,7,7,7,7,7,7,7,7,6,6,2,2
86,7,6,6,6,6,4,3,3,3,4,5,3,3,4,4,4,4,4,3,5,1,2
87,5,6,6,6,6,6,6,5,6,6,6,1,6,4,4,3,5,3,6,6,1,1
88,5,6,6,6,6,4,1,4,4,3,4,4,4,2,2,3,1,3,6,6,1,1
89,7,7,7,7,7,7,7,6,7,7,7,1,7,6,6,6,6,5,6,4,2,1
90,7,7,7,7,7,2,4,4,4,4,7,4,7,6,6,6,7,7,5,6,1,1
91,5,5,5,5,5,5,5,5,5,6,6,6,6,7,7,7,7,7,6,6,5,7
92,7,7,7,7,7,6,6,6,6,6,7,5,7,6,6,6,7,7,4,6,2,5
93,4,6,6,5,6,6,5,5,6,6,7,7,7,6,6,6,6,6,6,6,3,1
94,7,7,7,7,7,7,6,6,6,7,7,5,6,7,7,7,7,7,6,6,5,5
95,7,7,7,7,7,7,7,7,7,7,7,7,7,7,7,7,7,7,6,6,4,3
96,7,7,7,7,7,7,7,7,7,7,7,6,7,7,7,7,7,7,6,6,3,2
97,7,7,7,6,6,6,6,6,6,6,6,5,6,6,6,6,7,7,6,6,4,1
98,7,7,7,7,7,7,7,7,7,7,7,7,7,7,7,7,7,7,6,6,5,4
99,6,7,6,6,6,6,4,5,5,5,7,6,6,7,6,6,6,6,4,6,3,4
100,7,6,6,6,7,7,6,6,6,6,5,2,3,6,6,6,6,6,5,6,2,2
101,6,4,4,5,6,7,4,5,6,4,7,7,7,5,5,5,5,5,4,3,3,3
102,6,6,5,6,6,7,5,6,7,7,6,6,6,6,6,6,6,6,4,6,4,4
103,7,7,7,7,7,4,5,7,7,5,7,6,6,7,7,7,7,7,6,6,5,11
104,7,7,7,7,7,6,6,7,7,5,6,7,7,7,7,7,7,7,4,6,3,2
105,7,7,7,7,7,5,5,6,7,5,7,4,5,7,7,7,7,7,6,6,3,5
106,7,7,7,7,7,5,5,6,7,5,6,6,5,7,7,7,7,7,6,6,2,2
107,7,7,7,6,7,7,6,6,6,7,7,7,6,6,6,5,7,7,6,6,3,4
108,7,7,7,7,7,6,6,7,7,6,7,4,7,7,7,7,7,7,3,5,1,2
109,7,7,7,6,7,4,4,4,7,4,7,4,4,6,6,6,6,6,2,5,2,2
110,7,6,6,6,7,4,5,6,6,6,7,7,7,7,7,7,7,7,4,6,3,3
111,6,7,7,6,6,7,6,7,7,6,7,7,7,7,7,6,7,7,6,6,5,8
112,5,5,6,5,5,6,5,5,4,4,6,5,6,6,5,5,6,5,6,6,3,3
113,7,7,7,7,7,6,6,7,7,6,6,6,6,7,6,7,3,6,6,6,3,3
114,7,7,7,7,7,6,6,6,6,6,7,7,7,7,4,4,7,7,6,6,3,5
115,7,7,7,7,7,4,5,4,6,5,4,4,4,5,5,5,5,5,6,6,3,6
116,6,7,6,7,7,7,6,6,6,6,7,7,7,6,6,6,6,6,5,6,4,4
117,7,7,7,7,7,7,7,7,7,7,7,7,7,7,7,7,7,7,5,6,5,6
118,6,7,7,7,7,6,5,5,6,7,6,5,6,5,6,6,5,6,3,4,3,1
119,7,7,7,7,7,4,7,7,7,4,7,7,7,7,6,6,7,7,4,5,2,3
120,7,7,7,6,7,6,7,7,5,7,7,4,6,6,6,7,7,7,6,6,5,9
121,7,7,7,7,7,7,7,7,7,7,6,6,7,7,7,7,7,7,6,6,5,11
122,7,7,7,6,7,4,4,5,6,5,7,5,5,7,6,7,7,7,6,6,4,5
123,7,6,6,6,6,7,6,7,7,7,7,1,3,6,6,6,6,6,6,6,5,8
124,7,7,7,7,7,7,7,7,7,7,7,7,7,7,7,7,7,7,6,5,5,8
125,7,7,7,7,7,7,6,7,7,7,6,6,5,6,7,6,6,7,6,6,5,6
126,6,6,6,6,5,7,6,6,5,6,4,4,4,6,6,5,5,4,4,6,5,10
127,7,4,5,6,6,6,6,6,6,7,7,2,2,7,7,7,7,6,6,6,5,3
128,4,7,6,4,5,6,4,5,5,6,7,3,4,6,5,5,6,6,6,5,4,4
129,7,7,7,7,7,7,7,7,7,7,7,6,7,7,7,7,7,7,6,6,5,3
130,7,7,7,7,7,4,4,5,7,7,7,7,7,3,4,4,4,4,2,5,1,1
131,7,7,7,7,6,7,7,7,7,7,7,4,7,6,5,5,6,5,6,6,4,1
132,7,6,7,6,6,7,6,5,7,7,7,7,5,6,6,6,6,6,2,4,1,1
133,7,7,7,7,7,6,6,7,7,6,6,7,7,7,6,6,7,7,5,6,3,3
134,7,6,7,4,6,6,6,7,6,5,5,6,6,7,7,7,6,6,4,5,3,3
135,7,7,6,7,7,6,6,7,7,6,7,7,7,7,7,7,7,7,4,6,3,3
136,6,7,7,7,7,4,7,6,6,5,7,7,7,7,6,5,6,7,6,6,1,1
137,7,6,6,4,6,7,6,6,6,7,5,5,6,7,7,7,7,7,3,6,3,4
138,7,7,7,7,7,7,7,7,7,7,7,7,7,7,7,7,7,7,6,6,5,3
139,7,7,7,7,7,6,6,7,7,6,7,4,7,7,7,7,7,7,6,6,1,1
140,7,5,7,7,7,6,6,6,7,7,5,6,5,6,5,5,6,6,2,6,1,1
141,7,7,7,6,7,6,5,4,4,6,5,4,5,7,6,5,7,6,4,6,3,1
142,7,6,7,6,7,6,6,6,7,6,7,6,6,6,5,4,7,6,4,6,5,1
143,7,7,7,7,7,7,6,7,6,7,7,6,6,7,7,7,7,7,5,6,4,6
144,7,5,7,7,7,3,4,4,7,4,7,5,4,6,6,6,7,7,6,6,1,2
145,7,7,7,7,7,6,6,6,7,7,7,6,7,7,7,7,7,7,6,6,1,1
146,7,7,7,7,7,5,5,6,5,5,7,6,6,6,7,5,7,6,6,6,5,5
147,7,7,7,7,7,6,5,7,7,7,7,7,7,7,7,6,7,7,3,4,5,2
148,7,7,7,7,7,7,7,7,7,7,7,5,5,6,5,5,7,7,6,6,5,1
149,7,7,7,7,7,7,7,6,7,6,7,6,7,6,5,6,7,6,3,6,3,3
150,7,7,7,7,7,7,7,7,7,6,7,6,6,7,6,6,7,7,6,6,5,1
151,6,6,6,6,6,6,4,6,5,4,6,6,6,7,7,7,7,7,6,6,4,6
152,7,6,6,6,6,6,5,5,5,5,7,7,6,7,7,7,7,7,6,6,5,6
153,7,7,7,7,6,6,5,6,6,6,7,6,6,7,6,7,7,7,6,6,5,7
154,7,7,7,7,7,5,5,6,7,6,7,6,6,6,4,6,7,4,6,6,3,8
155,7,7,7,7,7,7,7,7,7,6,4,6,6,5,6,6,6,6,6,6,5,3
156,7,7,7,7,7,7,6,6,7,7,6,5,7,7,7,7,7,7,5,6,4,5
157,7,7,7,7,7,7,6,7,7,7,7,7,7,7,7,7,7,7,6,6,5,8
158,7,7,7,7,7,7,7,7,7,7,7,7,7,4,4,1,6,7,6,6,4,4
159,7,7,7,7,7,7,6,7,7,7,7,7,7,7,6,6,7,7,6,6,4,6
160,6,4,5,4,4,5,6,5,6,4,5,4,5,5,5,5,5,5,2,4,2,2
161,5,5,5,4,5,6,6,5,5,5,6,4,4,5,5,5,5,5,6,6,5,4
162,7,7,7,7,7,7,7,7,7,7,7,7,7,7,7,7,7,7,6,6,5,7
163,5,5,7,7,6,6,5,4,5,6,6,5,5,7,7,7,7,7,5,6,3,7
164,5,5,6,6,5,6,4,4,5,5,6,6,7,7,7,7,7,7,5,6,3,5
165,7,7,7,7,6,7,6,7,6,7,6,6,7,7,6,6,7,7,6,6,5,5
166,7,7,7,7,7,7,6,7,7,7,7,7,7,1,2,2,2,2,6,6,4,7
167,7,7,7,7,7,7,7,7,7,7,7,7,7,7,7,7,7,7,6,6,5,2
168,7,7,7,7,7,7,7,7,7,7,7,7,7,7,7,7,7,7,6,6,5,4
169,2,3,2,2,2,3,2,3,2,3,2,2,2,4,3,5,3,4,6,6,5,2
170,7,7,7,7,7,7,7,6,7,7,7,5,5,6,6,6,6,7,6,6,5,1
171,7,7,7,7,7,7,7,7,7,7,7,7,7,2,3,1,3,1,6,6,5,7
172,7,6,7,6,6,5,6,6,6,6,6,6,6,5,5,5,6,5,4,6,3,1
173,7,7,6,7,7,7,7,7,3,6,7,7,7,7,7,7,7,7,6,6,5,7
174,7,7,7,7,7,7,7,7,7,7,7,7,7,7,6,6,7,7,5,6,5,6
175,7,7,7,7,7,7,5,7,5,6,7,7,7,7,7,6,6,7,6,6,5,6
176,7,7,7,6,6,6,6,7,6,5,7,6,7,6,7,6,6,5,6,6,3,1
177,7,7,7,6,6,4,6,4,4,5,5,4,5,6,6,6,6,6,6,6,4,5
178,7,6,7,7,7,7,7,7,6,7,7,7,7,6,6,6,6,7,6,6,5,4
179,7,7,7,7,7,7,7,7,7,7,7,7,7,7,7,7,7,7,6,6,5,2
180,7,7,7,7,7,7,7,7,7,7,7,7,7,7,6,6,7,7,6,6,4,1
181,7,7,7,7,7,7,7,7,7,7,7,7,7,7,7,7,7,7,6,6,5,2
182,6,7,6,6,7,6,5,5,5,5,6,6,6,7,6,5,7,7,6,6,5,5
183,7,7,7,7,7,5,5,6,6,6,6,6,6,5,6,6,6,7,6,6,3,3
184,7,7,7,7,7,6,7,7,7,6,7,7,7,7,6,6,7,6,6,6,5,6
185,7,7,7,7,7,7,7,7,7,7,7,7,7,7,5,5,7,6,4,6,3,6
186,7,7,7,7,7,7,7,7,7,7,7,7,7,6,7,6,7,7,5,6,4,4
187,7,7,7,1,7,6,7,5,6,6,7,7,7,6,6,6,6,6,1,2,2,1
188,4,6,6,6,6,5,5,7,7,7,7,7,7,4,5,4,1,1,4,2,1,1
189,7,7,6,6,7,7,5,4,5,4,5,3,7,5,6,5,7,6,3,4,2,2
190,7,7,7,7,7,7,6,5,7,6,7,6,7,6,6,7,3,7,6,6,4,5
191,7,7,7,6,7,6,7,7,7,7,7,7,7,6,6,6,6,6,6,6,3,4
192,7,7,7,7,7,6,5,5,6,4,6,2,5,6,5,5,6,7,6,6,5,4
193,6,7,7,7,7,5,6,6,5,6,6,5,7,6,6,5,7,6,5,6,4,3
194,7,7,7,7,7,7,7,7,7,7,7,7,7,7,7,7,7,7,6,6,4,7
195,7,7,7,7,7,7,7,7,7,7,7,7,7,7,7,7,7,7,5,4,3,1
196,5,5,5,6,4,7,6,7,5,7,6,5,5,6,7,6,7,5,4,6,2,1
197,6,5,5,6,6,7,6,5,6,7,7,7,7,7,6,6,7,7,4,6,2,2
198,7,7,7,7,7,7,6,6,6,5,5,1,4,6,5,3,7,7,1,4,1,3
199,7,6,6,5,5,4,5,5,5,6,7,5,5,7,6,5,5,6,2,4,1,1
200,6,6,5,6,6,5,6,6,6,6,6,6,6,6,6,6,6,6,5,6,3,4
201,7,7,7,6,7,7,7,7,6,7,7,5,7,7,7,6,7,6,6,6,5,1
202,7,7,7,7,7,7,6,6,6,7,7,7,7,7,7,6,7,7,6,6,3,2
203,7,7,7,7,7,7,6,5,7,5,5,5,5,6,5,5,7,6,6,6,5,2
204,7,7,7,7,7,7,7,7,7,7,7,6,7,7,7,7,7,7,6,6,5,2
205,7,7,7,7,7,7,6,7,7,6,6,6,7,7,7,7,7,7,5,6,4,7
206,7,7,7,7,7,7,6,6,7,6,7,7,7,7,6,6,7,7,6,6,5,4
207,7,7,7,7,7,5,2,2,2,3,4,4,6,4,4,4,4,4,2,5,3,2
208,7,6,5,6,5,6,6,6,6,6,6,6,6,6,5,6,7,7,2,6,5,2
209,7,7,7,7,7,7,7,7,6,6,7,6,7,7,7,7,7,7,4,6,1,2
210,7,7,7,7,7,7,6,7,7,6,7,7,7,7,6,6,7,7,5,4,2,1
211,7,7,6,7,7,7,7,7,7,5,7,7,7,7,6,6,7,7,6,6,5,6
212,7,7,7,7,7,7,7,6,6,6,7,6,6,5,5,6,6,6,5,6,3,4
213,7,5,5,6,6,6,5,6,5,6,7,5,7,7,6,5,7,6,5,5,2,2
214,7,7,7,7,7,7,7,7,7,7,7,4,7,7,6,6,7,6,5,6,4,4
215,7,7,7,7,7,6,6,6,7,6,7,7,6,6,7,7,7,7,5,5,4,3
216,6,7,7,6,6,5,6,5,5,7,6,5,6,6,5,5,6,6,5,5,2,2
217,7,7,7,7,7,6,6,7,6,6,6,6,7,7,7,7,7,7,3,6,1,1
218,7,7,7,7,7,3,5,6,7,5,5,3,5,7,7,7,7,7,5,6,5,7
219,7,7,7,7,7,7,7,7,7,7,7,7,7,5,6,6,7,7,6,6,2,3
220,7,7,7,7,7,6,5,7,5,5,5,7,7,5,6,7,7,7,3,6,5,5
221,7,7,7,7,7,4,4,7,4,4,7,7,7,6,6,6,7,7,6,6,5,4
222,7,7,7,7,7,7,7,7,7,7,7,1,7,7,7,7,7,7,6,6,5,5
223,7,7,7,7,7,7,7,7,7,1,6,6,7,7,7,7,7,7,6,6,5,4
224,7,7,7,7,6,7,6,7,6,7,7,7,7,7,7,7,6,6,6,6,5,6
225,7,7,7,7,6,7,6,7,6,7,7,7,7,7,6,7,7,7,6,6,5,5
226,5,7,7,7,7,7,5,6,5,5,7,6,7,6,5,5,6,6,6,6,5,1
227,7,7,7,7,7,7,6,7,7,7,6,4,7,7,6,7,5,5,6,6,5,1
228,7,7,7,7,7,7,7,7,7,7,7,6,7,7,7,7,7,7,5,6,5,4
229,7,7,7,7,7,7,5,6,5,6,4,5,6,7,6,6,7,7,6,6,5,1
230,7,7,7,7,7,6,5,5,7,7,7,5,7,5,7,6,7,7,5,6,5,5
231,7,7,7,7,7,6,6,5,6,6,6,6,6,7,6,5,6,6,6,6,5,6
232,7,7,7,7,7,6,6,5,7,6,5,6,6,7,7,7,7,7,4,6,4,3
233,7,7,7,7,7,7,7,7,7,7,7,6,7,7,7,7,7,7,6,6,5,8
234,7,7,7,7,7,7,6,7,7,7,7,5,7,7,7,7,7,7,5,6,5,3
235,7,7,7,7,7,7,5,6,7,7,7,7,7,7,7,7,7,7,6,5,5,3
236,7,7,7,7,7,7,7,7,7,7,7,6,7,7,7,7,7,7,6,6,5,6
237,7,7,7,7,7,7,6,6,6,6,7,6,7,7,7,7,7,7,6,6,5,5
238,7,7,7,7,7,6,5,7,5,5,7,7,7,7,7,7,7,6,4,6,5,7
239,7,7,7,7,7,6,7,7,6,7,7,6,6,7,7,7,7,7,6,6,5,5
240,6,5,5,5,5,6,5,5,5,4,5,5,5,6,6,5,7,7,5,6,2,4
241,5,7,6,6,6,5,5,5,6,5,6,6,6,7,6,6,7,7,4,6,2,3
242,6,5,5,6,5,7,5,7,6,7,6,5,6,6,7,6,7,5,5,6,3,2
243,7,6,6,6,6,7,6,6,7,6,7,5,6,7,7,6,3,6,6,6,4,8
244,7,7,7,6,6,5,5,6,7,4,6,1,4,7,6,7,7,7,6,6,5,7
245,5,6,5,6,6,5,5,5,5,5,5,5,5,6,6,5,6,6,6,6,4,4
246,7,7,7,7,7,7,5,6,6,6,7,3,5,5,5,6,7,7,6,6,4,1
247,6,6,6,6,6,5,3,5,5,6,4,4,5,6,6,6,6,6,6,6,3,3
248,7,7,7,7,7,7,5,4,7,7,7,5,5,7,6,6,7,7,5,5,4,4
249,7,7,7,7,7,4,4,7,5,5,5,5,7,7,6,7,7,7,5,6,5,1
250,7,7,7,6,7,7,7,7,7,7,7,6,7,7,7,7,7,7,6,6,5,5
251,7,7,7,7,7,7,7,7,7,7,6,1,6,7,7,6,7,7,6,6,5,7
252,6,6,5,5,5,4,6,6,5,5,6,5,5,5,6,5,6,6,6,6,5,8
253,7,7,7,7,7,6,6,6,6,6,7,6,6,7,7,7,7,7,6,6,5,10
254,7,7,7,6,7,6,6,6,6,6,6,6,6,7,7,7,7,7,6,6,5,8
255,7,7,6,6,6,5,6,7,6,6,6,6,6,7,7,7,7,7,6,6,5,5
256,7,5,5,6,5,6,5,5,5,6,7,4,4,7,6,6,7,7,6,6,3,5
257,6,7,7,6,6,6,5,5,5,6,5,5,5,7,6,7,6,7,5,6,4,6
258,6,7,6,6,6,5,6,7,7,7,7,7,7,6,7,6,7,7,6,6,4,4
259,7,7,7,7,7,7,7,7,7,7,7,7,7,6,6,6,7,7,6,6,5,5
260,7,7,7,7,7,7,6,6,6,7,7,6,7,6,7,6,7,7,6,6,5,5
261,7,7,7,6,6,7,7,7,7,7,7,6,6,7,7,7,7,7,6,6,5,9
262,6,6,5,6,6,7,4,5,4,6,6,4,4,5,5,6,6,5,6,6,2,3
263,7,7,7,7,7,7,7,7,7,7,7,7,7,7,7,7,7,7,6,6,5,1
264,7,7,7,7,7,1,7,7,7,7,7,4,5,6,6,4,7,5,6,6,4,9
265,7,6,6,7,6,7,6,6,6,5,6,5,6,4,4,4,4,4,6,6,3,2
266,6,6,6,6,6,4,4,4,5,4,4,4,4,5,4,6,6,6,4,6,3,7
267,7,6,6,6,7,7,7,7,7,7,7,7,7,6,6,6,6,6,6,6,3,3
268,6,7,7,6,7,4,5,4,6,6,7,5,5,7,7,6,7,6,6,6,3,5
269,6,6,5,5,6,5,6,6,5,7,7,7,6,5,6,5,7,7,6,6,4,5
270,7,7,7,6,6,3,3,3,4,6,7,4,4,5,5,6,7,5,6,6,5,2
271,7,7,6,6,7,6,6,7,7,6,7,7,7,7,7,7,7,7,6,6,5,1
272,5,7,6,7,6,7,7,7,7,6,6,3,4,7,7,7,7,7,6,6,5,10
273,7,7,7,7,7,7,7,7,7,7,7,7,7,7,7,7,7,7,5,6,4,6
274,5,6,4,4,3,7,5,5,6,4,7,7,7,6,6,7,7,6,6,6,4,7
275,7,7,7,6,6,7,5,7,7,5,6,6,6,7,7,7,7,7,6,6,5,5
276,7,7,7,7,7,5,5,7,5,5,7,7,7,7,6,6,7,5,6,6,3,8
277,5,5,5,5,5,6,6,4,5,6,5,5,4,4,4,6,6,6,4,4,3,2
278,7,7,7,7,7,7,7,7,7,7,7,7,7,7,7,7,7,7,6,6,5,6
279,7,7,6,6,6,6,5,5,5,5,4,4,3,6,6,6,6,6,6,6,4,4
280,6,7,7,7,7,7,7,7,7,7,7,7,7,7,7,7,7,7,6,6,3,4
281,7,6,7,7,7,5,5,5,5,5,6,6,7,7,6,6,5,5,6,6,5,6
282,6,7,7,7,7,7,7,7,6,6,7,7,7,7,7,5,6,7,6,6,5,6
283,6,6,7,7,7,7,1,4,5,5,7,5,6,5,5,6,5,5,6,6,5,1
284,7,7,7,7,7,7,6,6,7,7,6,6,6,7,5,6,7,7,6,6,5,3
285,4,6,4,5,6,3,3,5,5,4,7,3,3,6,6,5,7,7,4,6,5,3
286,7,7,7,7,7,5,6,6,5,6,6,5,6,6,6,6,7,7,6,6,3,9
287,7,7,7,7,7,6,4,5,5,4,6,7,6,7,7,7,7,7,6,6,5,5
288,7,7,7,7,7,7,7,7,7,7,5,5,5,7,7,7,7,7,6,6,5,6
289,7,7,7,7,7,7,7,7,7,7,7,7,7,7,7,7,7,7,6,6,4,3
290,7,7,7,7,7,7,7,7,7,7,6,7,7,7,6,7,7,7,6,6,5,6
291,7,6,6,6,5,6,6,5,6,6,6,6,6,7,7,6,7,6,5,6,4,6
292,6,6,6,6,6,6,6,6,6,6,6,6,5,6,6,6,6,6,4,6,5,3
293,6,6,6,6,6,5,4,5,5,6,6,5,6,5,5,5,6,6,5,6,5,7
294,7,7,7,7,7,6,6,6,7,6,6,6,7,7,7,7,7,7,6,6,5,7
295,6,6,6,5,6,7,6,6,7,7,7,6,7,7,6,6,7,7,6,6,5,5
296,6,5,5,6,6,5,4,5,5,5,5,4,5,5,5,5,7,6,6,6,3,1
297,5,5,5,5,5,6,6,5,5,5,5,5,5,6,7,6,6,7,5,6,2,3
298,7,7,7,7,7,5,5,4,5,6,5,4,5,6,6,7,7,7,6,6,2,1
299,3,7,4,7,5,2,1,4,1,1,4,4,4,3,3,3,3,3,6,6,1,1
300,7,7,7,7,7,7,7,6,7,6,7,6,6,7,7,7,7,7,6,5,4,4
301,7,7,7,7,6,7,6,6,6,7,7,6,7,6,7,6,7,7,6,6,5,1
302,7,7,7,7,7,7,7,7,7,6,7,6,7,7,7,7,7,7,6,6,4,8
303,7,7,7,6,7,7,6,7,7,6,7,7,7,6,7,6,7,5,6,6,5,5
304,7,7,7,7,7,2,1,3,5,1,3,2,1,7,7,7,7,7,6,6,3,5
305,7,7,7,7,7,7,6,6,6,7,7,7,7,7,7,6,6,7,6,6,4,6
306,7,6,7,6,5,6,6,7,7,6,7,5,5,7,6,6,7,7,6,3,4,3
307,7,7,6,6,6,5,7,4,4,5,7,5,7,2,3,2,4,3,6,5,5,1
308,7,7,7,7,7,6,6,7,7,6,7,6,7,7,7,7,7,7,6,3,4,9
309,7,6,6,7,7,4,6,6,6,6,6,5,6,5,5,5,6,6,6,6,4,4
310,7,6,6,7,7,6,6,6,7,7,7,6,6,6,6,6,6,6,6,6,5,2
311,7,7,7,7,7,7,7,7,7,7,7,7,7,7,7,7,7,7,6,6,4,11
312,7,7,7,7,7,6,7,6,7,6,6,4,4,7,7,7,7,7,6,6,4,8
313,7,7,7,7,7,6,6,6,7,7,6,6,6,6,6,7,7,7,5,6,3,9
314,7,7,7,7,7,4,6,6,6,7,7,4,6,7,6,6,7,7,6,6,5,4
315,7,7,7,7,7,7,7,7,7,7,7,6,6,7,7,7,7,7,6,6,5,3
316,7,7,7,7,7,6,5,6,7,6,7,7,7,7,6,6,7,7,6,6,4,1
317,6,7,6,7,6,3,3,5,3,3,3,3,7,5,4,5,7,6,6,6,5,3
318,7,7,7,7,7,7,7,7,6,6,7,6,7,7,7,6,7,6,6,6,4,4
319,6,6,7,5,7,7,5,6,4,7,6,3,4,6,6,5,7,7,6,6,5,5
320,4,4,4,5,5,3,2,7,6,2,4,4,6,7,6,6,7,7,2,6,2,2
321,7,7,7,7,7,7,7,7,6,7,7,6,7,7,6,6,7,7,6,6,5,8
322,6,5,6,6,5,6,5,5,5,6,5,6,6,5,6,5,6,6,5,6,5,6
323,5,6,5,6,5,4,4,5,5,6,6,5,6,5,4,5,6,6,6,6,4,5
324,7,7,7,7,7,7,4,6,7,6,7,6,6,4,3,3,3,3,3,5,3,5
325,7,7,7,7,7,7,5,5,6,7,7,7,6,6,7,5,4,5,2,5,2,3
326,7,7,7,7,7,7,7,7,7,7,7,7,7,7,7,7,7,7,6,6,3,5
327,7,7,7,6,6,5,6,5,5,5,7,7,7,7,6,6,7,7,6,6,3,4
328,6,6,5,5,5,6,5,5,6,6,5,4,4,6,6,6,6,6,6,6,3,8
329,7,7,7,7,7,6,5,6,6,6,7,6,6,7,7,7,7,7,6,6,3,4
330,7,7,7,7,7,7,5,6,6,6,7,6,6,7,7,7,7,7,6,6,5,10
331,7,7,7,7,7,7,7,7,7,6,7,6,7,6,6,6,6,6,5,6,5,9
332,6,7,6,7,7,7,6,7,7,7,4,4,7,6,6,7,6,6,6,6,5,4
333,7,6,7,6,7,7,7,7,7,6,7,7,7,7,7,6,7,7,6,6,3,5
334,7,6,6,5,7,6,6,5,5,5,7,5,7,7,7,5,7,7,5,6,3,4
335,6,6,4,6,6,6,4,4,5,5,6,5,6,5,6,6,7,5,6,6,4,8
336,7,7,7,7,7,7,7,7,7,7,7,7,7,7,7,7,7,7,6,6,2,6
337,6,5,5,5,6,7,4,5,5,5,5,5,6,6,6,6,6,6,4,6,3,9
338,7,7,7,6,6,5,4,5,5,5,6,6,6,6,5,5,6,6,6,6,2,2
339,6,7,5,5,5,6,6,5,6,4,5,5,7,7,7,7,7,7,6,6,4,5
340,7,7,7,7,7,7,7,7,7,7,7,7,7,7,7,7,7,7,6,6,5,8
341,6,6,6,6,6,4,4,4,4,4,6,6,5,5,4,5,5,6,6,6,3,3
342,6,6,6,6,6,5,5,5,5,5,6,4,5,6,7,5,6,6,6,6,2,3
343,7,7,7,7,7,6,7,7,6,7,7,7,7,7,7,7,7,7,6,6,5,8
344,7,7,7,7,7,7,7,7,7,7,5,5,5,7,7,7,7,7,4,6,4,5
345,7,7,7,7,7,7,5,5,6,6,7,5,6,6,6,6,6,6,6,6,4,9
346,7,7,6,6,6,5,5,4,3,4,5,1,1,4,7,4,7,7,4,4,1,1
347,6,6,6,6,6,5,6,5,5,5,5,5,5,6,6,6,6,6,2,6,2,2
348,7,6,7,4,6,6,5,4,6,5,5,4,5,6,6,6,6,6,5,6,3,3
349,7,6,7,7,7,7,6,5,5,5,6,4,5,6,6,6,6,6,5,6,5,8
350,7,7,7,7,7,6,6,6,6,7,6,6,6,7,7,7,7,7,6,6,5,8
351,7,7,7,7,7,7,6,7,7,6,7,6,7,7,6,6,7,7,6,6,5,11
352,7,6,7,7,7,4,5,5,5,5,6,4,4,5,6,6,6,6,6,6,4,4
353,7,7,7,7,7,7,7,7,7,7,7,5,7,7,7,7,7,7,6,6,5,11
354,6,6,6,6,6,7,6,6,6,7,7,6,6,7,7,7,7,7,6,6,5,9
355,6,6,6,6,6,5,4,5,4,5,6,4,5,6,6,6,6,6,6,6,4,5
356,7,7,7,7,6,6,6,5,6,5,5,5,7,6,6,6,6,6,6,6,3,2
357,7,7,7,7,7,7,7,6,6,7,7,7,7,7,7,7,7,7,6,6,3,5
358,7,7,7,7,7,7,7,7,7,7,7,7,7,7,7,7,7,7,6,6,5,4
359,7,7,7,7,7,7,7,6,6,7,7,7,7,7,7,7,7,7,6,6,5,6
360,7,7,7,7,4,6,1,4,7,4,7,6,6,5,3,4,5,6,2,5,1,1
361,7,6,7,7,7,7,7,7,7,7,7,7,7,7,7,7,7,7,6,6,4,8
362,7,7,7,7,7,7,7,7,7,7,7,5,7,6,6,6,6,6,6,6,5,3
363,7,7,7,7,7,7,7,7,7,7,7,7,7,7,7,7,7,7,6,6,5,4
364,7,7,7,7,7,7,7,7,7,7,7,7,7,7,6,7,7,7,6,6,5,5
365,7,7,7,7,7,7,6,7,7,7,7,6,7,7,7,7,7,7,6,6,5,3
366,7,7,7,7,7,6,6,6,6,6,6,6,7,7,7,7,7,7,6,6,5,4
367,6,6,6,5,6,5,5,5,5,5,6,6,6,6,6,6,6,6,6,6,4,1
368,7,6,7,7,7,7,6,7,7,7,7,6,7,7,7,7,7,7,6,6,4,6
369,7,7,7,7,7,7,1,2,4,5,7,7,7,4,4,6,5,6,2,5,3,3
370,7,7,7,7,7,7,6,6,6,7,7,7,7,6,7,6,7,5,6,6,3,4
371,7,7,7,7,7,4,7,4,7,7,7,7,7,7,7,7,7,7,6,6,5,10
372,7,7,7,7,7,7,6,6,6,7,7,6,7,6,6,7,7,7,5,6,4,5
373,6,7,6,7,6,7,4,7,5,7,4,1,4,6,6,6,6,6,5,6,5,1
374,6,7,7,7,6,7,7,5,5,7,6,7,6,7,7,7,7,7,6,6,4,5
375,7,7,7,7,7,7,6,7,7,7,7,7,7,7,7,7,7,7,6,6,5,5
376,6,6,6,6,5,7,6,6,6,7,7,6,6,7,7,7,7,7,6,6,4,4
377,7,7,7,7,7,6,4,4,6,7,7,6,6,6,7,6,7,7,6,5,3,4
378,7,7,7,7,7,7,7,7,7,7,7,7,7,7,7,7,7,7,6,6,5,6
379,7,7,7,7,7,7,7,7,7,7,7,7,7,7,7,7,6,7,6,6,5,7
380,5,6,4,5,6,7,6,7,5,7,7,4,4,6,7,7,7,6,6,6,3,5
381,4,3,3,3,3,7,5,4,5,6,7,7,7,7,5,7,6,7,5,5,3,3
382,4,6,4,3,5,4,3,4,4,4,4,4,4,6,6,5,5,5,5,6,3,5
383,7,7,7,7,7,6,5,6,7,6,7,6,6,6,6,6,6,6,5,6,3,4
384,7,7,7,7,7,6,5,5,5,5,5,5,6,5,5,5,6,6,4,6,3,4
385,7,7,5,7,7,5,4,6,7,3,4,4,6,4,4,4,4,4,3,5,3,4
386,7,7,7,7,7,1,1,2,2,2,4,2,4,5,5,6,6,6,2,4,2,2
387,7,7,7,7,7,7,7,7,7,7,7,7,7,7,7,7,7,7,6,6,5,7
388,7,7,7,6,7,6,5,5,6,6,7,6,6,7,7,7,7,7,4,6,4,5
389,7,7,7,7,5,7,6,6,6,7,7,1,5,7,7,7,7,7,6,6,5,1
390,7,7,7,7,7,7,7,7,5,7,5,6,6,6,4,7,5,4,6,6,5,4
391,6,6,6,6,6,6,5,5,5,6,6,4,4,6,6,6,6,6,5,6,5,6
392,7,7,7,7,7,5,5,5,5,6,6,4,4,6,6,6,6,6,4,4,3,3
393,5,7,7,6,6,7,6,5,5,6,7,4,5,5,5,5,6,6,3,6,2,2
394,7,7,7,7,7,7,7,7,7,7,7,7,7,7,7,7,7,7,6,6,5,5
395,7,7,7,7,7,7,7,7,7,7,7,7,7,7,7,7,7,7,6,6,5,11
396,7,6,6,6,7,7,4,5,6,6,5,5,6,7,6,6,6,7,4,5,4,2
397,7,7,7,7,7,5,5,7,5,5,7,6,7,7,7,5,6,7,6,6,3,2
398,7,7,7,7,6,6,4,6,6,6,7,7,7,7,7,6,7,7,6,6,3,4
399,7,7,7,7,7,7,6,6,7,7,7,1,7,7,7,7,7,7,6,6,5,9
400,7,7,7,7,7,5,4,5,5,4,5,4,5,7,6,6,6,6,5,6,5,6
401,6,6,6,6,6,6,5,6,6,4,6,5,5,6,6,6,7,7,6,6,3,4
402,7,7,7,7,7,7,7,7,7,7,7,7,7,1,2,5,7,7,6,6,5,4
403,7,7,7,7,7,5,5,7,6,5,7,7,7,7,7,7,7,7,6,6,5,1
404,7,7,7,7,7,7,7,7,7,7,7,7,7,7,7,7,7,7,6,6,5,1
405,7,7,7,7,7,4,5,5,5,4,6,6,6,6,6,6,6,6,3,4,2,3
406,7,6,6,6,6,6,6,5,5,5,7,7,6,6,6,6,6,6,5,6,3,3
407,7,7,7,7,7,7,3,7,7,7,7,7,7,7,7,7,7,7,6,6,3,4
408,7,6,6,6,6,7,7,7,6,6,7,7,7,7,7,6,7,7,6,6,5,5
409,6,6,6,6,6,7,7,6,6,6,7,5,5,6,6,5,7,7,5,5,4,7
410,6,7,5,4,6,7,6,7,6,7,7,6,5,7,7,7,7,7,4,6,5,6
411,6,6,6,6,6,7,5,5,5,5,6,6,6,7,7,7,7,7,6,5,3,5
412,6,6,5,5,6,6,5,6,5,4,5,3,5,4,3,3,3,3,6,6,5,9
413,7,7,7,7,7,7,6,6,6,7,7,6,6,6,6,6,7,7,4,6,5,10
414,7,7,7,7,7,7,6,6,6,5,6,5,6,3,4,6,6,6,6,6,4,8
415,7,7,7,7,7,7,7,7,7,7,7,7,7,7,7,7,7,7,6,6,5,8
416,7,7,7,7,7,5,5,5,6,5,5,5,5,6,4,6,6,6,4,6,4,5
417,6,7,5,7,6,7,7,7,5,7,4,6,5,6,7,6,7,7,6,6,5,10
418,7,7,7,7,7,7,5,6,6,7,6,5,5,7,7,7,7,7,6,6,5,6
419,7,7,7,7,7,6,6,6,5,6,5,4,5,6,6,6,6,6,3,5,5,5
420,7,7,7,6,6,7,6,6,6,7,5,4,4,6,6,6,7,6,6,6,5,6
421,4,6,6,6,6,7,5,7,6,7,6,6,6,7,7,7,7,7,6,6,5,5
422,7,7,7,7,7,7,7,7,7,7,7,4,7,7,7,7,7,7,6,6,5,10
423,7,7,6,7,7,7,6,6,6,6,6,6,6,7,7,7,7,7,5,6,5,3
424,6,6,6,6,6,6,6,6,6,6,6,5,6,7,7,7,7,7,6,6,3,5
425,7,7,6,6,6,5,5,5,4,4,7,1,4,6,6,6,6,6,5,6,5,7
426,7,7,7,7,7,7,6,7,7,7,7,7,7,7,7,6,7,7,6,6,3,3
427,7,7,7,7,7,6,6,6,7,7,7,1,4,7,5,6,7,7,6,6,4,4
428,6,7,7,7,7,7,7,5,6,7,7,7,7,4,4,4,4,4,2,3,1,3
429,7,6,7,6,7,7,3,5,2,5,2,4,2,5,5,4,4,5,2,6,3,1
430,7,7,7,7,7,7,7,7,7,7,7,7,7,6,6,6,6,6,6,6,3,3
431,7,7,7,7,7,7,7,7,7,7,7,7,7,4,4,4,4,4,5,6,2,6
432,6,7,7,7,6,7,6,6,7,6,7,7,7,6,5,6,6,6,6,6,2,2
433,7,7,7,7,7,7,4,7,7,7,7,7,7,5,5,7,7,6,4,6,2,2
434,7,7,7,7,7,7,7,7,7,7,6,6,7,7,7,5,7,7,6,6,3,3
435,7,7,7,7,7,7,7,7,7,6,7,7,7,6,6,6,6,6,6,6,3,4
436,7,6,6,6,6,6,5,6,5,6,6,4,5,7,6,6,7,7,4,4,3,3
437,7,7,7,7,7,7,5,5,5,5,7,5,5,7,7,7,7,7,6,5,2,5
438,7,7,7,7,7,7,7,7,7,7,7,7,7,7,7,7,7,7,6,6,3,3
439,7,7,7,7,7,6,6,7,6,7,7,6,6,7,7,7,7,7,6,5,4,6
440,7,7,7,7,7,6,6,6,6,6,4,5,5,6,6,6,7,7,6,6,2,3
441,7,7,7,7,7,7,7,7,7,7,7,5,5,7,7,7,7,7,6,6,3,5
442,7,7,7,7,7,7,7,7,7,6,7,7,7,6,6,6,6,6,6,6,3,4
443,7,7,7,7,7,6,6,6,6,6,7,7,7,7,7,6,7,7,5,6,1,3
444,7,7,7,7,7,5,5,5,5,5,4,4,4,7,7,7,7,7,4,6,1,2
445,7,7,7,7,7,5,6,6,6,5,7,6,7,7,7,7,7,7,6,6,5,1
446,7,6,6,7,6,5,6,6,6,5,7,5,7,7,6,6,7,7,6,5,3,2
447,6,7,7,7,7,7,5,6,7,6,7,5,6,7,7,7,7,7,6,6,4,1
448,7,7,4,4,7,4,4,4,4,4,4,4,5,6,6,6,6,6,6,6,5,1
449,7,7,7,7,7,6,6,6,7,6,7,7,7,7,7,7,7,7,6,6,5,8
450,7,7,7,7,7,6,6,6,7,7,7,7,7,7,7,7,7,7,6,6,5,2
451,6,6,7,6,6,5,5,6,4,6,6,5,6,6,6,6,6,6,5,6,1,2
452,7,7,7,7,7,7,7,7,5,6,7,7,7,7,7,7,7,7,6,6,5,5
453,7,7,7,7,7,7,6,6,6,7,7,7,7,7,7,7,7,7,6,6,4,3
454,7,7,7,7,7,7,6,6,6,5,7,5,7,7,7,7,7,7,6,6,5,5
455,7,7,6,5,6,5,5,4,5,4,5,5,5,7,7,7,7,7,6,6,5,1
456,7,7,7,7,7,3,5,5,7,5,5,5,5,7,7,7,7,7,6,6,5,2
457,7,7,7,7,7,4,4,6,7,5,7,7,7,7,6,6,7,7,6,6,3,7
458,6,7,6,6,6,7,7,6,5,7,5,4,4,7,7,7,7,7,6,6,4,5
459,7,7,7,7,7,7,7,7,7,7,7,6,6,7,7,7,7,7,6,6,5,8
460,7,7,6,7,7,7,7,7,6,5,7,7,7,6,6,6,6,6,5,6,4,3
461,5,5,5,5,5,4,4,4,4,4,5,4,5,5,5,5,5,5,4,4,3,2
462,7,7,7,7,7,5,6,5,6,4,4,5,4,5,5,5,5,5,1,2,1,1
463,7,7,7,7,7,7,7,6,6,6,6,7,7,7,7,5,6,6,6,6,4,6
464,7,7,7,6,7,7,6,4,6,4,6,4,6,7,7,7,7,7,3,6,5,3
465,4,1,1,1,1,7,7,7,7,7,7,7,4,6,6,7,6,6,1,3,1,1
466,5,6,5,6,6,6,6,6,4,4,4,4,7,6,6,6,6,6,5,5,5,5
467,6,7,7,6,7,5,5,3,6,5,7,7,7,7,7,7,7,7,6,4,3,4
468,7,7,7,7,7,6,4,4,7,7,7,6,7,7,7,7,7,7,6,5,5,2
469,7,7,7,7,7,6,6,7,6,5,7,7,7,7,7,7,7,7,6,5,4,3
470,7,7,7,7,7,3,7,3,3,3,7,4,4,6,6,6,6,6,6,6,3,1
471,5,7,7,7,7,7,7,4,7,7,7,7,7,6,5,7,7,7,6,1,2,1
472,4,5,7,7,4,7,7,4,4,6,7,3,7,5,4,6,6,6,5,5,2,1
473,5,5,5,5,5,6,6,5,5,6,6,5,5,6,5,5,6,6,6,5,3,4
474,7,7,7,7,7,7,6,7,6,7,7,6,7,6,6,6,6,7,3,6,5,4
475,7,7,7,5,7,7,7,7,7,7,7,7,7,7,7,7,7,7,6,6,5,4
476,7,7,7,7,7,7,7,7,7,6,6,6,7,7,7,7,7,7,6,6,3,2
477,7,7,7,7,7,7,7,7,7,7,7,4,7,7,7,7,7,7,6,6,5,8
478,6,6,6,6,6,7,6,7,6,6,7,4,5,7,7,7,7,7,6,6,5,10
479,3,2,1,1,2,2,1,1,1,2,2,3,2,3,4,4,4,4,6,5,3,2
480,7,7,7,7,7,7,7,7,7,7,7,7,7,7,7,7,7,7,6,6,5,4
481,3,2,2,3,3,3,2,3,2,3,2,1,2,3,3,3,3,3,5,5,3,5
482,7,7,7,7,7,7,7,7,7,7,7,7,7,7,7,7,7,7,6,6,5,10
483,7,7,7,6,6,7,7,6,5,7,7,4,4,7,7,7,7,7,6,6,5,7
484,7,7,7,7,7,5,6,6,6,7,5,5,5,7,7,7,7,7,6,6,4,9
485,7,5,5,6,6,5,4,5,5,4,5,6,6,5,5,5,5,5,6,6,3,6
486,3,3,2,3,2,3,2,2,2,2,2,2,2,3,3,3,3,3,5,4,3,3
487,7,7,7,7,7,7,7,7,7,7,7,7,7,7,7,7,7,7,6,6,5,8
488,7,7,7,7,7,7,7,6,6,7,7,6,7,6,5,6,7,7,6,5,4,2
489,7,7,5,5,6,6,7,6,6,6,5,5,5,6,6,6,6,6,6,6,5,10
490,6,5,6,6,6,4,5,5,4,4,6,7,6,7,7,6,6,6,1,5,3,4
491,6,7,6,6,7,7,6,6,6,6,7,6,7,6,6,6,6,6,6,6,5,6
492,7,7,7,7,7,7,7,7,7,7,7,7,7,7,7,7,7,7,6,6,5,10
493,5,7,7,7,4,7,6,7,7,6,7,4,5,7,7,7,7,7,5,6,3,5
494,6,5,6,5,4,7,6,7,7,7,4,4,4,4,3,5,4,3,4,6,4,7
495,7,7,7,7,7,7,7,7,6,6,7,6,6,7,7,7,7,7,6,6,5,11
496,6,6,6,6,5,6,6,6,6,6,6,5,6,7,7,7,7,7,6,6,5,9
497,7,7,7,7,7,7,5,6,7,7,7,4,4,7,7,7,7,7,4,5,3,3
498,7,7,7,7,7,6,5,5,5,5,6,5,7,6,5,5,6,6,5,6,6,8
499,7,7,7,7,7,7,7,7,7,7,4,4,4,4,4,4,4,4,4,6,3,5
500,7,7,7,6,6,5,5,5,5,6,5,4,6,7,7,7,7,7,5,6,2,5
501,5,5,5,5,5,5,4,5,4,4,6,4,5,5,6,4,4,6,6,4,1,5
502,7,7,7,7,7,7,7,7,7,7,7,7,7,7,7,7,7,7,2,3,3,2
503,7,7,7,7,7,7,7,7,7,7,7,7,7,6,6,6,6,6,6,6,4,9
504,7,6,7,7,7,6,5,5,5,6,6,6,6,6,6,7,6,6,3,5,4,6
505,7,6,6,6,6,7,7,6,6,5,7,6,5,6,5,6,7,7,4,5,4,7
506,7,7,7,7,7,5,4,6,6,1,7,7,7,7,5,5,6,7,4,4,2,2
507,7,7,7,7,7,5,6,4,5,5,7,4,7,7,7,7,7,7,6,6,4,6
508,7,7,7,7,7,7,6,6,5,6,7,7,7,7,7,7,7,7,5,6,3,4
509,6,6,6,6,6,4,6,5,5,5,6,5,5,7,5,6,6,6,4,6,1,3
510,7,7,7,7,7,5,7,5,5,5,7,4,4,7,7,7,7,7,6,6,5,3
511,7,7,7,7,7,5,5,6,6,6,6,6,6,7,7,7,7,7,6,6,3,4
512,7,7,7,7,7,7,7,7,7,7,7,7,7,7,7,7,7,7,6,6,5,5
513,5,6,6,6,6,6,6,6,7,6,5,6,6,6,6,6,6,6,6,6,4,7
514,7,7,7,7,7,6,6,5,4,6,5,5,5,7,7,6,7,7,6,6,5,5
515,7,7,7,7,7,4,7,7,6,7,7,7,7,7,7,7,7,7,6,6,4,7
516,7,7,7,7,7,5,6,7,7,6,7,6,6,7,6,7,7,7,6,6,2,5
517,7,7,6,6,6,4,7,5,5,5,6,6,6,7,7,6,7,7,4,6,1,3
518,7,7,7,7,7,5,6,6,6,5,7,7,7,7,7,7,7,7,4,6,3,6
519,5,4,5,4,4,6,5,6,6,5,5,4,4,6,6,6,7,7,1,4,1,2
520,7,7,7,7,7,7,7,7,7,7,7,7,7,7,7,7,7,7,4,6,2,2
521,5,6,5,4,5,6,4,5,6,7,4,4,5,6,6,7,6,7,2,4,2,2
522,7,7,7,7,7,7,7,6,5,7,7,5,6,7,7,7,7,7,2,5,3,6
523,7,7,7,7,7,7,6,7,7,6,7,7,7,5,5,6,5,5,2,6,1,2
524,7,7,7,7,7,5,5,5,5,1,7,7,7,7,5,7,6,7,2,6,3,7
525,5,5,4,5,5,4,4,5,4,6,6,5,5,7,7,7,7,7,6,6,4,5
526,7,6,6,6,6,6,7,7,7,7,7,7,7,7,7,7,7,7,5,6,3,7
527,5,6,6,6,6,6,5,5,6,6,6,6,6,6,7,7,6,7,6,6,3,5
528,7,7,7,7,7,7,6,6,6,7,6,6,7,6,6,6,7,7,6,6,1,5
529,7,7,6,7,7,7,5,6,6,7,7,6,6,7,7,7,7,7,6,6,3,8
530,6,6,6,6,6,4,5,6,6,5,6,6,6,6,6,6,6,6,6,6,3,3
531,7,7,7,7,7,7,6,5,6,7,6,5,6,7,7,7,7,7,5,6,5,6
532,7,7,6,6,6,6,5,5,5,5,6,5,6,7,7,6,7,7,6,6,4,1
533,7,7,7,7,7,6,6,6,6,6,7,6,7,7,7,7,7,7,6,6,5,10
534,6,6,5,6,6,5,5,5,5,5,6,5,6,6,6,6,6,6,6,6,6,7
535,6,7,7,7,7,7,7,7,7,7,7,1,4,7,7,7,7,7,6,6,5,6
536,7,7,7,7,6,7,7,7,7,7,6,6,6,3,4,3,4,4,6,6,4,5
537,7,7,7,6,7,7,1,7,6,7,7,7,6,7,7,7,7,7,6,6,5,2
538,7,7,7,7,7,4,7,7,4,7,7,7,7,6,6,6,6,6,6,6,3,5
539,7,7,7,7,7,7,7,7,7,7,7,6,7,7,7,7,7,7,6,6,5,1
540,6,7,6,7,7,7,6,6,6,6,7,7,7,6,6,6,6,6,6,5,3,1
541,6,6,6,6,7,6,5,5,5,5,6,5,5,7,7,7,7,7,5,6,2,6
542,5,5,6,5,6,5,6,5,6,6,6,4,6,7,7,7,7,7,6,6,2,1
543,6,6,5,6,6,6,4,5,5,5,5,4,5,6,6,6,6,6,6,6,5,5
544,7,7,7,6,6,5,5,6,5,6,6,6,6,7,7,7,7,7,6,6,5,5
545,7,7,7,7,7,7,7,6,6,7,7,7,7,6,6,6,6,6,6,6,5,9
546,7,7,7,7,7,7,7,7,7,7,7,7,7,7,7,7,7,7,5,6,1,1
547,1,2,3,4,5,3,3,4,4,5,6,6,7,1,2,3,4,5,4,2,3,1
548,7,7,7,7,7,4,4,4,4,4,4,4,4,5,6,6,7,7,5,4,1,3
549,7,7,7,7,4,5,5,5,5,6,7,6,3,4,4,7,4,4,1,1,1,0
550,7,6,6,6,6,6,6,6,6,6,6,5,5,7,7,7,7,7,5,6,3,3
551,4,4,3,3,4,6,5,3,5,5,4,4,2,4,4,4,4,4,2,3,2,1
552,7,7,7,7,7,7,7,7,7,7,7,6,6,7,7,7,7,7,4,5,2,2
553,7,7,7,7,7,4,4,4,4,4,4,6,6,7,6,6,7,7,5,3,5,6
554,7,7,7,7,7,7,7,7,7,7,7,7,7,7,7,7,7,7,4,3,2,3
555,7,7,7,7,7,7,7,7,7,7,5,6,7,7,7,7,7,7,6,6,5,3
556,7,7,7,7,7,7,7,7,7,7,7,7,7,6,6,6,6,6,6,6,4,8
557,7,7,7,7,7,5,5,6,6,6,7,7,7,7,7,7,7,7,6,6,3,4
558,6,6,6,7,7,6,6,6,7,7,6,6,6,4,5,6,7,7,6,6,4,6
559,7,7,7,7,7,5,6,4,5,5,7,4,7,7,7,7,7,7,6,6,4,5
560,6,6,6,6,6,7,6,6,5,7,5,5,6,6,6,6,6,6,6,6,5,4
561,7,7,7,7,7,6,6,6,6,6,7,6,7,6,6,6,6,6,6,6,3,4
562,7,7,6,7,7,7,6,6,6,7,7,6,7,7,7,7,7,7,4,6,3,7
563,6,6,6,6,5,7,7,5,5,7,6,7,7,7,5,6,7,7,6,6,4,5
564,7,7,7,7,7,7,7,7,7,7,7,7,7,5,5,4,5,5,6,5,1,3
565,7,7,7,6,6,7,7,7,6,7,7,6,6,5,5,5,5,5,5,6,2,2
566,7,6,6,5,6,6,4,4,3,4,4,5,4,5,5,5,5,5,3,3,1,3
567,4,4,3,3,4,4,5,4,3,4,4,4,4,3,3,3,3,3,2,2,2,1
568,5,5,5,5,5,5,5,5,5,5,6,6,6,6,6,6,6,6,3,6,2,2
569,6,6,6,6,6,6,5,5,5,5,6,5,6,6,6,7,7,7,6,6,4,10
570,6,7,6,6,7,6,6,6,6,6,6,6,6,7,7,6,7,7,5,6,5,7
571,1,1,2,2,3,5,6,6,7,7,1,2,3,1,2,3,4,5,5,6,3,1
572,5,3,5,3,4,4,3,5,3,4,4,4,3,4,4,4,4,4,5,6,3,1
573,7,7,7,7,7,7,6,6,6,6,7,6,6,6,5,5,6,6,5,6,3,2
574,7,7,7,7,7,7,5,5,5,5,5,5,5,7,7,7,7,7,1,6,1,1
575,7,7,7,7,7,5,5,5,6,5,6,5,6,7,7,7,7,7,5,6,5,4
576,7,7,7,7,7,7,6,7,6,7,7,6,7,7,6,7,7,7,6,6,4,4
577,7,7,4,7,7,6,7,7,7,4,7,7,7,7,7,7,7,7,5,6,3,3
578,5,5,5,5,5,5,5,5,5,5,5,5,5,6,7,6,6,6,6,6,1,1
579,6,5,6,5,4,5,4,4,5,3,5,5,4,5,6,5,7,6,3,4,2,2
580,7,7,6,6,7,6,4,5,7,4,7,4,7,6,6,6,6,6,6,6,2,1
581,6,6,7,7,6,4,7,5,4,4,5,1,5,5,5,5,5,5,6,6,5,4
582,7,7,7,7,7,5,7,4,4,7,7,4,4,7,6,6,7,7,6,6,2,2
583,7,7,7,7,6,7,7,7,7,7,7,7,7,7,7,7,7,7,6,6,4,1
584,7,7,7,7,7,7,7,7,7,4,7,7,7,7,7,7,7,7,6,6,5,4
585,6,7,7,6,7,6,7,6,7,6,6,7,7,6,7,5,6,6,6,6,5,10
586,7,7,7,7,7,2,5,5,6,4,6,5,5,5,5,5,6,6,4,5,3,2
587,7,7,6,6,7,5,6,5,6,5,5,5,5,7,7,7,6,7,5,6,5,9
588,7,7,7,7,7,7,7,7,7,7,7,6,7,6,6,6,6,6,6,6,3,5
589,2,4,4,1,4,2,4,5,4,5,1,1,2,4,4,4,7,7,3,6,1,1
590,7,7,7,7,7,4,4,4,4,3,4,1,1,7,7,7,7,7,5,6,2,4
591,7,7,7,7,7,7,7,7,7,6,7,6,6,7,7,7,7,7,5,6,5,9
592,7,7,7,7,7,7,7,7,7,6,7,7,7,7,7,7,7,7,6,6,5,7
593,5,6,5,5,5,6,4,5,4,6,6,6,5,6,5,5,6,6,6,6,1,4
594,5,4,5,5,5,5,3,4,5,5,5,4,4,5,6,5,7,7,4,6,2,3
595,7,7,7,7,7,5,5,5,7,6,6,5,7,7,7,7,7,7,4,5,3,3
596,7,7,7,7,7,7,7,7,7,7,7,7,7,7,7,7,7,7,4,5,3,10
597,7,7,7,6,6,7,6,7,5,7,6,7,7,6,6,5,6,5,6,6,5,10
598,4,7,7,6,5,4,3,4,4,4,6,3,6,6,6,7,6,6,6,6,5,5
599,7,7,7,7,7,7,7,7,7,7,7,7,7,7,7,7,7,7,6,6,5,7
600,7,7,7,7,7,7,7,7,7,7,7,6,6,7,7,7,7,7,6,6,5,8
601,7,7,7,7,7,6,5,7,5,6,7,6,7,6,6,6,7,7,6,6,5,4
602,7,3,7,7,7,7,4,2,4,7,7,4,4,5,4,6,6,6,1,5,2,1
603,7,4,4,4,4,7,5,5,6,7,7,6,6,6,6,6,6,6,4,6,3,2
604,7,7,6,6,7,6,6,6,7,5,6,6,6,6,6,5,6,6,6,6,3,3
605,7,7,7,7,7,7,6,7,6,7,7,6,7,7,7,7,7,7,6,6,4,10
606,7,7,6,7,7,5,5,5,6,6,4,5,7,5,5,5,6,6,5,4,3,4
607,7,7,7,7,7,6,7,7,4,7,6,4,7,7,5,6,7,7,6,6,5,5
608,7,7,6,6,7,5,5,7,6,6,7,7,6,5,5,5,5,5,5,6,1,5
609,7,7,7,7,7,6,6,6,6,6,7,7,7,6,7,6,7,7,6,6,3,6
610,7,7,7,7,7,7,5,7,6,7,7,6,4,7,7,7,7,7,6,6,5,7
611,5,6,5,7,7,5,3,4,5,5,3,3,2,4,5,6,5,7,3,5,2,1
612,7,7,7,7,6,7,5,7,7,7,6,4,5,7,7,7,7,7,5,6,5,7
613,6,6,6,6,6,7,6,6,6,5,6,6,6,6,6,7,6,7,5,6,3,4
614,7,7,7,7,7,7,7,7,7,6,6,6,6,7,7,7,7,7,6,6,5,3
615,7,7,7,7,7,5,7,6,7,6,6,6,7,7,7,7,7,7,6,6,3,4
616,7,7,7,7,7,7,7,7,7,7,7,7,7,7,6,6,6,7,5,6,4,10
617,5,7,7,5,5,5,7,5,5,6,5,6,7,3,2,3,4,4,4,6,3,2
618,1,2,3,2,3,2,3,2,3,2,2,3,2,4,4,3,3,3,5,5,1,3
619,4,5,5,4,4,4,5,5,5,5,5,4,4,6,5,5,6,6,4,6,3,3
620,7,7,4,7,6,6,6,6,6,6,4,4,1,7,7,7,7,7,2,4,1,1
621,6,6,5,6,6,4,4,7,5,6,7,5,4,5,5,5,5,5,4,6,3,6
622,7,7,7,7,7,7,6,7,7,7,6,6,7,7,7,7,7,7,6,6,3,6
623,7,7,7,7,7,6,5,5,6,5,7,6,7,5,4,6,7,7,6,6,1,2
624,7,7,7,7,7,6,7,7,7,7,4,4,5,5,5,5,5,5,4,4,1,3
625,7,7,7,7,6,4,5,4,2,3,7,4,5,6,6,6,6,7,6,5,2,6
626,7,7,7,7,7,5,7,7,7,7,5,7,7,7,6,7,7,6,5,6,2,1
627,7,7,7,7,7,7,7,7,7,7,7,5,7,7,7,7,7,7,4,6,4,5
628,7,7,7,7,7,7,7,7,7,7,7,7,7,7,7,7,7,7,6,6,3,1
629,7,7,7,7,7,5,6,6,6,5,5,6,5,5,5,4,6,6,1,1,1,1
630,6,7,4,6,7,6,4,5,5,5,6,5,5,6,6,6,7,7,6,4,4,2
631,7,5,6,6,6,7,5,5,6,5,7,6,6,5,5,5,5,5,6,6,3,3
632,7,7,7,7,7,6,6,7,7,7,7,7,7,5,5,5,5,5,6,6,2,1
633,5,5,5,4,5,5,5,5,5,3,4,4,4,5,6,6,7,7,5,6,2,3
634,7,6,7,7,6,4,4,3,4,5,6,6,6,6,6,7,7,7,6,6,2,5
635,7,7,7,7,7,7,7,7,7,7,7,7,7,7,7,7,7,7,3,5,4,6
636,7,7,7,7,7,5,4,5,4,7,5,5,7,7,6,5,6,7,6,6,2,3
637,6,5,6,6,6,6,3,4,5,5,6,5,5,6,6,6,7,7,3,6,3,1
638,7,7,7,6,6,6,6,7,6,6,5,5,4,5,5,5,5,5,1,6,4,3
639,6,5,6,5,5,5,5,5,5,5,5,5,5,6,6,6,6,6,6,6,3,1
640,6,4,4,4,7,4,1,4,1,2,4,1,4,3,4,5,1,3,4,6,2,1
641,7,7,7,6,7,4,6,6,5,5,6,5,6,1,7,7,7,7,5,6,5,4
642,5,5,5,5,5,2,1,5,5,5,5,5,5,7,5,7,7,7,6,6,2,2
643,6,5,4,5,5,5,5,5,6,6,6,6,6,6,6,6,6,7,3,3,2,3
644,7,7,7,7,7,1,1,4,6,5,6,1,1,5,4,6,6,7,6,4,2,2
645,7,7,7,7,7,7,7,7,7,7,7,7,7,7,7,7,7,7,6,6,5,6
646,6,7,7,6,7,6,5,2,5,6,6,1,4,7,6,7,7,7,7,6,2,6
647,7,6,6,6,7,6,4,6,6,6,6,4,6,6,6,6,7,7,6,6,3,3
648,7,5,6,6,7,6,4,5,5,1,7,4,6,5,5,4,5,5,6,6,2,4
649,7,5,5,6,7,4,5,5,6,6,5,4,6,6,5,5,6,6,5,6,2,4
650,7,7,7,7,7,7,5,5,5,7,7,7,7,6,6,6,7,6,5,6,1,1
651,7,7,7,7,7,7,4,5,5,6,6,4,7,5,5,5,5,5,2,5,1,1
652,6,6,6,6,7,5,5,5,5,5,5,5,6,6,6,6,7,6,5,6,3,3
653,6,5,6,6,7,6,4,6,5,6,6,6,6,5,6,6,5,6,6,6,3,5
654,7,7,7,7,7,6,3,5,5,5,6,6,6,5,5,6,6,6,4,6,5,7
655,7,6,6,6,7,6,5,5,6,5,5,5,6,6,5,5,5,5,6,4,2,2
656,7,7,6,6,6,5,6,7,6,6,6,6,6,7,6,6,7,6,5,6,4,5
657,7,6,7,7,7,7,6,7,6,6,7,6,6,7,7,7,7,7,6,6,5,7
658,7,7,7,7,7,7,7,7,6,7,7,7,7,7,7,7,7,7,6,6,5,9
659,7,7,7,7,7,6,6,6,6,6,6,4,7,6,5,5,6,6,5,6,3,3
660,7,6,7,6,7,7,7,7,7,7,7,7,7,6,7,7,6,6,6,6,2,2
661,7,7,7,7,7,7,7,7,7,7,6,7,7,6,6,6,6,6,3,6,5,1
662,7,6,6,6,7,7,6,6,6,6,7,7,7,7,6,6,7,7,6,6,4,6
663,7,7,6,6,7,5,5,6,6,5,6,6,6,7,6,6,7,6,5,6,2,1
664,7,7,7,7,7,6,1,7,5,1,6,3,3,6,6,6,6,6,2,6,1,3
665,7,7,7,7,7,6,7,7,6,6,7,7,7,7,7,7,7,7,6,6,2,3
666,7,7,7,7,7,7,6,7,7,7,7,7,7,7,5,7,6,6,3,6,2,2
667,7,5,6,6,7,5,5,6,4,7,7,5,4,6,6,6,6,6,4,5,1,1
668,6,4,5,5,5,5,4,4,5,5,6,4,4,3,5,4,5,5,3,5,1,1
669,7,7,7,7,7,7,7,7,7,7,7,7,7,7,6,7,7,7,6,6,3,6
670,7,6,6,6,6,7,3,4,6,6,6,5,6,6,6,6,6,6,2,4,2,2
671,7,7,7,7,7,7,6,6,6,6,6,6,6,6,5,6,7,6,3,3,3,2
672,7,7,7,7,7,7,7,7,7,7,7,7,7,6,6,6,6,5,4,4,2,2
673,7,6,6,6,7,6,5,5,5,5,6,6,6,6,6,6,7,7,6,6,2,1
674,7,1,7,2,5,3,5,6,5,3,6,6,5,5,5,6,6,7,4,6,2,2
675,6,6,6,6,5,5,6,7,6,7,7,7,6,6,6,6,6,6,3,5,2,2
676,7,6,7,7,7,4,3,3,7,4,7,3,4,6,5,5,6,7,4,6,5,3
677,7,7,7,7,7,6,5,6,6,6,6,7,7,6,6,6,6,6,4,5,2,2
678,7,7,7,7,7,7,7,7,7,4,4,7,7,5,4,7,7,7,6,6,1,3
679,7,7,7,7,6,7,6,6,6,6,7,2,3,6,5,7,7,6,4,3,3,2
680,7,6,6,6,6,7,5,6,6,6,6,6,6,6,5,6,7,5,6,6,3,3
681,6,6,6,5,6,3,4,2,3,3,1,2,2,3,4,3,5,5,5,6,5,3
682,7,7,7,7,7,7,1,5,2,6,5,1,1,5,4,5,7,6,3,6,1,2
683,6,7,7,7,7,6,7,7,7,7,6,7,6,7,7,7,7,7,6,6,5,11
684,7,7,7,5,7,5,4,5,5,4,4,3,3,6,6,7,7,6,5,6,3,8
685,7,4,7,7,5,7,7,7,4,7,4,4,4,6,5,5,6,7,5,5,3,2
686,7,7,7,7,7,7,4,7,7,6,5,6,6,7,7,7,7,7,6,6,3,4
687,7,7,7,7,7,5,6,5,6,6,7,6,6,7,7,7,7,7,5,6,3,5
688,6,7,6,7,4,3,2,4,4,6,6,6,7,7,7,3,5,5,5,6,5,9
689,7,7,7,7,7,7,7,7,7,7,7,1,1,6,6,5,7,5,6,6,3,2
690,7,7,7,7,7,6,6,7,6,7,7,7,6,6,6,6,6,6,6,6,5,4
691,7,7,1,1,7,7,7,7,7,7,7,4,4,7,7,6,6,7,6,6,5,6
692,7,4,7,7,7,7,7,7,7,7,7,7,7,6,6,6,6,6,6,6,5,8
693,6,6,6,6,6,6,6,6,6,5,7,6,6,6,1,2,1,1,6,6,5,5
694,7,7,5,6,7,7,4,7,7,7,7,7,2,7,7,7,7,7,6,6,2,3
695,7,7,7,7,7,6,6,7,6,7,7,7,7,3,4,5,5,5,6,6,4,5
696,6,6,6,5,5,5,4,4,5,4,5,5,5,6,6,6,6,6,5,6,4,5
697,7,7,7,7,7,7,7,7,7,7,7,7,7,7,7,7,7,7,6,6,5,7
698,7,7,7,7,7,7,7,7,7,7,7,4,7,7,7,7,7,7,6,6,3,4
699,5,7,6,6,7,7,6,5,6,6,6,6,7,6,7,7,6,6,4,5,2,3
700,7,5,6,5,5,7,6,5,6,6,5,2,2,7,7,7,7,7,6,6,2,3
701,6,7,6,7,6,6,6,7,7,7,6,6,7,7,7,7,7,7,6,6,4,8
702,7,7,7,7,7,7,7,7,7,7,7,7,7,7,7,7,7,7,6,6,2,3
703,7,7,7,7,7,6,5,7,7,5,7,6,6,7,7,7,7,7,4,6,3,7
704,7,5,5,5,5,7,6,6,6,7,6,4,4,5,5,5,7,7,6,6,4,5
705,7,7,7,7,7,7,6,6,6,7,7,7,7,7,7,7,7,7,6,6,5,7
706,6,5,6,6,7,6,5,5,5,5,5,5,5,4,4,4,4,4,3,4,4,4
707,6,6,5,5,6,4,3,2,3,2,7,4,5,7,7,7,7,7,2,5,2,1
708,7,7,7,7,7,7,7,7,7,7,4,7,7,7,7,7,7,7,6,6,5,6
709,7,7,7,7,7,7,7,7,7,7,7,7,7,6,6,6,6,6,2,4,4,4
710,7,7,7,7,7,7,7,7,7,7,7,4,6,6,6,6,7,7,6,6,2,3
711,7,7,7,7,7,6,5,4,4,6,5,5,5,6,6,7,6,6,6,6,5,2
712,5,5,5,5,6,6,5,4,4,6,5,6,5,6,6,6,6,6,6,6,4,6
713,7,7,7,7,7,7,7,7,7,7,7,7,7,7,7,7,7,7,5,6,5,3
714,7,7,7,7,7,7,6,5,6,7,7,7,7,7,7,7,7,7,3,6,3,3
715,7,7,7,7,7,5,5,6,5,7,7,4,4,5,5,5,6,6,5,6,3,7
716,7,7,7,7,7,7,7,7,6,7,7,6,5,6,7,7,7,7,4,6,4,2
717,6,7,7,7,7,7,4,5,6,7,6,4,4,7,7,7,7,7,6,6,5,8
718,7,7,7,7,7,6,7,6,6,6,7,5,6,4,6,6,6,6,5,6,3,3
719,7,7,7,7,6,7,6,6,7,7,7,7,7,6,6,6,5,6,6,6,3,9
720,7,7,7,7,7,7,7,7,7,7,7,7,7,7,7,7,7,7,6,6,4,4
721,7,7,6,6,7,7,6,6,6,6,4,1,1,7,7,7,7,7,5,6,5,4
722,7,7,7,7,7,6,6,6,5,6,6,6,6,7,7,7,7,7,4,6,1,1
723,7,7,7,7,7,6,5,5,5,5,7,7,6,7,7,6,7,7,5,6,3,4
724,7,7,7,7,7,7,6,7,6,7,7,7,6,7,7,7,7,7,6,6,5,8
725,7,7,5,7,5,7,7,7,6,6,6,3,5,6,6,6,7,7,6,6,3,3
726,7,7,7,6,7,7,7,7,6,7,6,6,7,7,7,7,7,7,5,6,5,7
727,7,7,7,7,7,7,6,6,6,6,7,7,7,7,7,7,7,7,6,6,3,4
728,7,4,4,5,7,7,5,6,6,7,6,6,6,5,5,5,6,5,6,6,3,6
729,5,6,6,6,5,4,4,4,3,4,4,5,5,6,6,6,6,6,5,6,5,4
730,7,7,7,7,7,7,6,6,6,4,7,1,7,7,7,7,7,7,6,6,3,3
731,7,7,7,5,7,5,5,5,5,5,7,4,7,6,4,7,5,5,6,6,3,2
732,7,7,7,7,7,4,7,7,7,5,7,5,6,6,6,6,6,6,6,6,5,4
733,7,7,7,7,7,7,7,7,7,7,7,7,7,6,7,7,7,6,5,6,4,5
734,7,7,7,7,7,7,7,7,7,7,7,4,7,6,6,6,6,6,6,6,4,6
735,7,7,7,7,7,5,5,5,5,5,6,6,6,6,6,6,5,5,5,6,3,2
736,7,7,7,6,7,7,5,5,6,7,7,7,7,7,6,6,7,7,6,6,3,5
737,6,6,6,6,6,6,6,6,6,6,6,6,6,7,7,7,7,7,6,6,5,6
738,6,6,6,6,6,7,7,7,7,7,7,7,6,6,6,6,6,6,4,5,3,5
739,7,7,7,5,6,7,5,7,6,7,7,7,7,6,3,6,3,6,3,5,2,4
740,7,7,6,7,7,7,5,7,7,6,7,7,7,4,4,4,4,4,6,6,4,4
741,7,7,7,7,7,6,6,5,4,6,5,6,6,6,7,7,7,7,3,2,2,5
742,6,6,6,7,7,5,5,5,6,6,6,6,6,6,7,6,5,6,3,5,3,4
743,6,6,6,7,7,7,7,7,6,6,6,5,5,5,6,6,6,6,3,6,2,4
744,5,5,5,5,5,6,6,6,6,6,6,6,6,5,5,5,6,6,3,5,3,4
745,5,5,5,5,5,7,7,7,7,7,7,7,7,4,4,4,4,4,2,5,3,4
746,6,6,6,7,7,7,6,6,6,6,6,6,7,5,7,7,7,6,3,4,4,5
747,7,7,7,7,7,7,7,7,7,7,7,7,4,7,7,7,7,7,6,6,5,4
748,7,7,7,6,6,5,5,6,5,6,7,7,6,6,5,6,7,7,5,6,3,4
749,6,7,7,6,7,5,5,5,5,5,4,5,5,6,6,6,7,6,2,1,3,5
750,7,7,7,7,7,5,5,7,5,5,7,7,5,7,7,6,7,6,4,5,3,3
751,7,7,7,6,7,7,6,6,7,7,7,7,7,7,7,7,6,6,5,6,3,2
752,7,7,7,7,7,7,7,7,5,7,7,7,7,7,7,7,7,7,3,6,3,3
753,7,7,7,7,7,7,7,7,6,6,7,6,7,7,6,6,7,6,4,6,2,4
754,6,6,6,6,6,6,6,6,6,6,6,7,7,7,7,7,7,7,2,5,5,2
755,7,7,7,7,7,6,5,6,5,6,7,7,7,7,7,6,7,6,5,6,2,2
756,7,7,7,7,7,7,7,7,7,7,7,7,7,7,7,7,7,7,6,6,3,3
757,7,7,7,7,7,7,7,7,7,7,7,7,7,7,7,7,7,7,6,6,2,2
758,7,7,6,6,7,5,5,4,5,5,6,6,6,6,6,6,6,6,5,6,1,1
759,7,7,7,6,7,6,4,7,6,7,6,6,6,5,5,5,5,5,6,6,3,2
760,7,7,7,7,7,7,6,3,3,3,6,3,3,7,7,7,6,6,3,4,2,2
761,7,7,7,6,7,2,2,2,7,4,7,7,7,3,4,5,4,4,1,1,1,4
762,7,7,7,7,7,7,6,5,5,5,7,6,6,7,7,7,7,7,2,6,3,4
763,7,7,6,6,7,7,1,6,6,6,7,6,6,7,7,7,7,7,4,5,3,3
764,7,7,7,7,6,7,7,7,7,7,7,7,7,7,7,7,7,7,6,6,5,4
765,7,7,7,6,5,6,6,6,5,6,6,7,6,7,7,6,6,6,3,3,3,1
766,4,7,7,7,7,4,3,3,3,4,4,4,4,7,7,6,6,6,6,6,3,6
767,7,7,7,7,7,5,6,6,5,7,7,5,7,7,6,6,7,7,4,4,5,6
768,7,7,7,7,7,6,6,5,5,6,6,4,4,7,7,7,7,7,4,6,3,3
769,6,6,6,7,6,6,5,5,6,6,5,5,4,6,6,6,6,6,3,4,1,1
770,6,6,5,7,6,6,4,6,6,6,6,5,6,7,6,6,7,7,4,5,3,3
771,7,5,6,5,7,6,5,4,7,4,7,7,7,3,3,3,3,3,2,6,2,1
772,7,6,6,6,7,7,6,7,7,7,7,6,6,6,6,6,6,6,6,6,2,2
773,7,7,6,6,6,7,5,6,7,6,7,6,7,7,7,6,7,6,5,5,2,1
774,7,7,7,7,7,7,7,7,7,7,7,7,7,7,7,7,7,7,6,6,5,1
775,7,7,7,7,7,4,4,7,7,7,7,7,7,6,6,6,6,6,5,6,3,3
776,7,7,7,7,7,5,1,5,4,4,3,3,3,7,7,7,7,7,6,6,5,2
777,7,7,7,7,7,7,7,7,7,7,6,7,7,7,7,7,7,7,6,6,5,5
778,7,6,7,7,7,7,5,6,5,6,7,4,5,6,6,6,6,7,3,6,5,5
779,7,6,6,3,6,7,7,7,7,7,7,6,4,5,6,5,7,7,1,2,1,2
780,7,7,7,7,7,5,3,5,5,5,5,5,5,6,6,6,6,6,4,6,3,4
781,7,7,7,7,7,5,6,7,7,7,7,7,7,6,6,6,6,7,6,6,3,4
782,4,5,1,2,2,1,7,7,7,7,1,3,1,5,5,6,5,5,6,6,4,2
783,7,7,7,7,7,7,7,7,7,7,3,1,1,5,5,5,6,7,1,1,2,1
784,6,6,6,6,6,7,7,7,7,7,7,3,3,7,7,7,7,7,5,5,4,3
785,7,7,7,7,7,7,7,7,5,7,7,6,6,7,7,7,7,7,4,6,1,1
786,7,6,6,6,6,7,6,6,6,7,7,6,6,6,6,6,6,6,6,6,4,5
787,7,6,7,7,7,6,6,6,6,6,6,6,6,7,6,6,6,6,5,4,3,2
788,7,7,7,7,6,7,5,6,4,7,7,6,4,6,7,6,3,5,3,5,3,3
789,6,7,7,7,6,5,6,7,6,7,7,5,7,7,7,7,7,7,6,6,5,6
790,6,6,6,7,6,7,6,7,6,7,7,4,7,7,7,6,6,6,6,6,5,2
791,5,3,4,4,6,2,2,6,6,7,3,6,5,4,2,3,4,4,6,5,3,5
792,7,7,7,7,6,7,7,7,7,7,7,7,5,7,7,7,7,7,6,6,2,1
793,7,7,7,7,7,7,6,7,7,7,7,7,7,7,7,7,7,7,4,5,3,3
794,7,7,7,7,7,7,6,7,7,7,7,7,7,7,7,7,7,7,4,5,3,3
795,7,7,5,7,7,7,6,6,6,7,7,7,6,7,7,7,7,7,4,5,1,2
796,7,6,7,5,7,7,7,5,7,6,7,7,7,7,7,7,6,6,1,1,1,1
797,7,5,4,4,5,7,5,6,6,7,7,4,5,6,7,7,7,7,6,6,5,6
798,7,6,7,6,6,6,4,5,4,5,7,6,7,6,6,6,7,6,5,6,1,2
799,7,7,7,7,7,7,7,7,7,7,7,7,7,6,6,6,6,6,2,3,1,2
800,6,4,3,7,7,7,5,4,6,5,7,7,5,7,7,5,4,7,4,6,3,2
801,7,7,7,7,7,5,7,7,7,7,5,4,5,7,7,6,6,6,6,6,4,3
802,7,7,7,7,7,7,7,7,7,6,7,7,7,6,6,6,6,7,6,6,3,5
803,7,7,6,7,7,7,7,7,7,7,7,6,7,6,6,5,6,6,5,5,1,3
804,6,7,4,1,6,6,5,4,4,5,5,4,3,6,5,6,7,7,1,1,0,0
805,7,7,7,7,7,4,7,7,7,7,4,4,4,2,3,1,2,2,3,3,1,4
806,5,7,6,6,7,7,7,7,7,7,7,7,7,5,6,4,4,7,6,6,1,1
807,6,6,6,6,6,7,6,5,6,6,6,5,5,6,5,6,6,6,6,6,4,1
808,7,7,7,7,7,7,6,7,7,7,7,7,6,7,7,6,7,7,6,6,3,5
809,7,7,7,7,7,7,7,7,7,7,7,7,7,7,7,7,5,7,6,5,1,1
810,7,5,6,5,7,7,6,6,7,6,5,6,4,6,7,6,7,6,4,4,3,3
811,7,7,7,7,7,7,7,6,7,7,7,7,6,6,6,6,6,6,6,5,5,1
812,7,7,7,7,7,7,7,7,5,6,7,7,6,6,6,6,6,6,6,6,5,1
813,2,5,2,3,5,7,4,5,3,6,4,4,4,4,4,4,4,4,4,5,3,1
814,7,7,7,7,7,7,7,7,7,7,7,7,7,7,7,7,7,7,6,4,5,2
815,7,7,7,7,7,7,6,6,6,7,7,6,6,6,6,6,6,6,1,1,1,1
816,7,7,7,7,7,7,6,6,7,7,6,7,7,7,7,7,7,7,6,6,1,1
817,7,4,7,4,7,7,7,7,7,7,7,7,7,7,6,6,6,7,2,5,2,1
818,7,7,7,7,7,7,7,7,7,7,7,7,7,2,2,2,3,3,3,3,1,4
819,7,7,7,7,7,7,7,7,2,7,7,7,7,7,7,7,7,7,6,6,3,1
820,7,7,7,7,7,7,7,7,2,7,7,7,7,7,7,7,7,7,6,6,3,1
821,7,7,6,4,6,7,7,7,7,6,4,5,6,7,7,7,7,7,3,4,1,1
822,6,5,6,5,6,7,7,7,6,7,7,5,6,7,6,6,6,6,6,6,2,1
823,7,7,6,7,7,5,5,7,5,4,4,7,5,5,5,5,5,5,6,6,1,1
824,7,7,7,7,7,4,5,5,4,4,7,5,7,6,6,5,7,7,6,6,3,1
825,4,7,7,3,7,7,4,4,3,3,1,1,1,5,3,5,5,4,6,6,2,2
826,7,7,7,7,7,6,6,7,6,6,7,6,7,5,5,6,6,6,6,6,2,1
827,7,7,7,7,7,6,6,7,7,7,7,7,7,6,7,6,6,7,6,6,5,2
828,7,7,7,5,5,5,5,6,6,5,7,7,7,6,6,6,4,4,5,6,4,2
829,6,6,6,6,6,7,6,6,6,6,7,6,6,5,5,5,6,6,6,6,3,2
830,7,7,7,7,7,5,5,5,6,5,5,5,6,6,5,7,6,6,6,6,2,3
831,7,7,7,7,7,7,7,7,7,7,7,4,6,5,5,5,6,6,6,6,2,3
832,7,7,7,7,7,7,7,7,7,7,7,7,7,5,5,4,5,5,6,6,2,2
833,7,5,5,5,5,7,5,5,6,6,6,6,6,7,6,6,6,6,1,1,1,1
834,7,7,7,7,7,7,7,7,7,7,7,7,7,6,6,6,6,6,6,6,2,3
835,7,7,7,7,7,5,6,6,6,6,7,7,7,6,5,6,6,6,3,5,2,2
836,5,7,7,7,7,7,5,5,4,4,6,4,7,5,5,5,6,6,6,6,1,2
837,7,7,6,6,7,6,4,4,4,5,5,5,5,5,4,4,6,6,4,4,2,1
838,7,7,7,7,7,7,4,7,7,6,7,7,7,7,6,7,7,7,6,6,5,1
839,7,7,7,7,6,6,6,6,7,4,7,7,7,6,6,5,6,6,6,6,2,2
840,7,7,6,7,4,6,5,6,6,6,7,4,7,6,6,6,7,6,5,6,1,4
841,7,7,7,7,7,4,4,4,4,4,7,7,5,6,6,6,7,6,6,6,2,1
842,6,7,7,7,7,7,6,7,7,7,7,6,6,7,7,7,7,7,6,6,2,5
843,7,7,7,7,7,7,4,5,5,6,7,6,7,7,7,7,7,7,4,6,5,4
844,6,5,5,6,6,7,6,4,5,6,7,7,7,6,6,7,7,6,6,6,2,3
845,7,7,7,7,7,7,5,5,6,5,7,6,6,6,6,6,6,6,6,6,4,3
846,7,7,7,7,7,6,7,7,7,6,7,7,6,7,7,7,7,7,6,6,1,2
847,7,7,7,7,7,7,7,7,7,7,7,7,7,6,6,6,6,6,5,5,4,4
848,7,7,7,7,6,7,6,6,5,7,7,5,7,6,6,6,6,6,6,5,5,4
849,5,6,6,6,6,3,2,2,3,5,6,4,4,6,6,6,6,6,3,4,3,5
850,7,6,5,5,7,7,5,6,7,7,7,6,7,5,5,7,7,7,3,5,1,2
851,7,7,7,7,7,7,7,7,7,7,6,3,6,5,5,5,5,5,5,6,5,6
852,7,7,7,6,6,7,7,7,5,7,7,7,7,6,6,6,6,6,3,4,5,4
853,7,7,7,7,7,6,6,4,4,4,7,7,7,6,5,5,7,6,5,6,1,3
854,7,7,7,7,7,4,6,7,7,7,7,7,7,7,7,7,7,7,6,6,3,4
855,7,4,4,5,5,2,5,5,5,4,6,4,4,5,6,6,7,7,2,5,1,2
856,7,7,6,7,7,5,6,4,6,4,6,6,4,6,6,6,7,6,3,4,1,1
857,7,7,7,7,7,6,6,7,7,7,7,7,7,6,6,7,7,7,6,6,3,5
858,7,7,7,7,7,4,7,4,7,4,4,4,7,7,5,5,7,7,6,6,3,3
859,6,7,6,7,7,7,6,7,6,7,7,7,7,6,6,7,7,7,6,6,4,3
860,7,7,7,7,7,6,5,5,5,5,7,4,4,5,7,5,6,6,3,4,4,5
861,7,7,7,7,7,7,7,7,7,7,7,6,7,7,7,7,7,7,6,6,5,6
862,7,7,6,7,6,7,5,6,5,4,5,1,1,4,5,5,5,5,4,6,5,3
863,7,7,7,7,7,6,4,7,6,4,7,5,6,6,6,6,6,7,6,6,2,3
864,7,5,5,4,6,3,2,3,3,5,7,4,7,2,3,4,3,2,4,5,3,3
865,7,6,6,6,6,7,6,6,6,5,7,6,6,7,6,6,7,7,6,6,2,4
866,4,5,6,7,7,5,5,5,6,6,4,1,4,7,6,6,5,6,2,5,2,2
867,7,7,7,7,7,7,6,6,6,6,6,6,7,6,6,6,7,6,4,4,2,3
868,7,7,7,7,7,7,7,7,6,7,7,7,7,7,5,7,7,7,3,5,4,5
869,7,7,7,7,7,7,4,4,4,4,6,6,6,6,6,6,6,6,4,6,2,1
870,7,7,7,7,7,5,5,6,6,6,7,7,7,7,7,7,6,6,5,5,4,1
871,7,6,7,4,7,7,6,6,7,5,7,6,6,7,7,6,6,6,5,6,2,1
872,6,7,7,7,6,7,6,5,6,5,5,3,6,6,5,5,6,6,6,3,2,1
873,5,4,5,5,5,6,4,3,1,6,6,6,6,4,4,4,4,3,4,5,1,1
874,5,5,6,6,6,5,4,5,4,4,5,4,4,6,6,7,6,6,1,4,3,1
875,7,7,7,7,7,6,6,6,5,3,6,6,6,6,6,6,7,6,3,6,1,1
876,7,7,7,7,7,4,4,6,6,4,7,4,7,7,6,6,6,7,6,6,1,2
877,7,7,7,7,7,7,7,6,7,7,7,6,6,6,6,6,6,6,6,6,2,1
878,7,7,7,7,7,7,7,7,5,1,7,7,7,6,6,6,3,3,4,6,1,3
879,7,7,7,7,7,7,7,7,7,7,7,7,7,6,6,6,7,7,4,4,1,3
880,7,7,7,7,7,7,7,7,7,7,7,7,7,6,6,7,7,7,6,6,5,6
881,7,7,7,7,7,7,7,7,6,7,5,6,6,7,7,7,7,7,6,6,3,5
882,7,7,7,6,7,3,2,5,6,7,4,4,5,5,5,5,5,5,6,6,1,1
883,7,7,7,7,7,4,4,4,4,4,7,7,7,5,6,6,5,5,6,5,3,1
884,6,6,7,7,7,6,5,6,3,6,6,6,6,6,5,5,6,6,6,3,1,2
885,7,7,7,7,7,5,5,6,6,6,7,7,7,7,7,7,6,6,6,6,4,1
886,4,4,4,4,4,4,4,4,4,4,4,4,4,5,5,5,5,5,6,6,3,3
887,7,7,7,7,7,7,7,7,7,4,4,4,4,7,7,7,7,7,6,6,4,3
888,7,7,7,7,7,7,7,7,7,7,7,7,7,7,7,7,6,6,4,6,3,4
889,6,6,7,7,6,7,6,6,6,4,7,7,7,5,5,6,6,6,5,6,1,5
890,7,7,5,6,6,6,5,4,4,6,7,7,5,5,5,5,5,5,2,4,2,2
891,5,5,5,6,6,5,5,6,5,6,6,5,5,7,6,6,5,5,3,6,2,4
892,7,7,7,4,6,5,4,4,5,2,6,6,7,5,5,5,5,5,5,5,1,1
893,7,7,7,5,6,2,4,4,5,2,6,6,7,5,5,5,5,5,5,6,1,3
894,7,7,7,7,7,7,7,7,7,7,7,7,7,7,7,7,7,7,6,6,5,11
895,7,7,7,7,6,7,7,7,4,7,6,6,7,7,6,5,7,4,6,6,3,1
896,7,7,7,7,7,6,5,6,6,6,7,2,6,7,7,7,7,7,6,6,5,5
897,7,7,7,7,7,6,5,6,6,5,7,7,7,6,6,6,7,7,5,6,4,2
898,7,7,7,7,7,5,4,5,7,5,7,4,7,6,6,6,7,7,6,6,1,1
899,5,5,6,6,6,6,5,6,5,6,6,6,6,6,6,6,6,6,6,6,3,4
900,7,7,7,7,7,7,7,7,7,7,7,7,7,6,6,6,6,6,6,6,5,5
901,7,7,7,7,7,7,7,7,7,7,7,7,7,7,7,7,7,7,6,6,5,3
902,7,7,7,7,7,7,6,7,7,7,7,7,7,7,7,7,7,7,6,6,5,8
903,6,7,7,7,7,6,7,7,7,7,7,7,7,6,6,6,7,7,6,6,5,4
904,7,7,7,7,7,6,6,5,5,6,7,7,7,7,6,6,6,6,6,6,4,5
905,7,7,7,7,7,7,6,4,4,7,7,6,7,7,7,7,7,7,6,6,6,11
906,7,7,7,7,7,5,5,4,6,5,6,6,6,5,5,5,5,5,1,1,1,1
907,7,7,7,7,7,7,7,7,7,6,4,6,7,7,7,7,7,7,5,6,6,2
908,6,5,6,6,7,6,4,7,7,5,6,5,6,6,6,6,6,6,6,6,3,6
909,7,6,7,6,7,6,6,7,7,6,6,6,6,6,6,6,6,6,4,6,3,6
910,7,7,7,7,7,6,5,5,4,5,4,4,4,5,5,5,5,5,3,5,3,3
911,7,7,5,7,6,5,6,6,5,6,4,4,5,5,5,4,5,6,4,6,2,4
912,7,7,7,6,5,6,7,6,5,5,3,5,5,7,7,7,7,7,2,4,3,2
913,7,7,7,7,7,4,4,4,5,4,5,4,5,6,6,6,6,6,2,3,1,4
914,7,7,7,7,7,7,6,6,6,7,7,6,6,6,6,6,6,6,6,6,5,6
915,7,7,7,7,7,5,5,6,7,4,6,4,5,7,7,6,7,6,4,6,3,7
916,7,7,7,7,7,5,6,5,4,5,6,5,5,7,7,7,7,7,1,2,3,2
917,7,6,6,6,6,6,6,5,5,6,7,6,6,7,7,7,7,7,1,1,1,3
918,7,7,7,7,7,6,6,7,7,7,7,1,5,7,7,7,7,7,5,6,3,4
919,7,7,7,7,7,5,5,5,6,5,5,5,5,5,5,5,5,5,5,6,4,4
920,7,2,4,4,5,5,4,3,5,3,5,3,3,4,4,4,5,4,3,3,3,2
921,7,7,7,7,7,6,6,4,6,6,5,6,6,7,7,6,7,7,4,6,3,2
922,7,7,7,7,7,6,6,7,7,6,7,6,7,7,7,7,7,7,6,6,5,7
923,6,6,6,6,7,7,6,6,6,6,5,6,5,6,6,6,6,6,4,6,3,2
924,7,7,7,6,7,6,4,5,6,6,5,4,6,6,6,7,7,6,6,6,5,2
925,6,7,7,7,7,7,5,5,6,7,7,6,6,6,6,6,6,6,4,5,2,2
926,7,7,7,7,7,4,6,6,7,7,6,1,6,7,7,7,7,7,6,6,5,10
927,7,7,7,7,7,7,7,7,7,7,7,7,7,5,6,5,6,7,6,6,4,3
928,7,7,7,6,7,5,5,5,6,6,6,6,6,6,7,7,7,7,4,6,1,2
929,6,7,6,7,7,6,5,4,4,6,3,4,5,5,6,5,7,7,4,4,3,1
930,7,7,7,7,7,7,4,5,4,6,6,6,6,5,5,5,6,6,4,4,2,4
931,7,7,7,7,7,7,7,7,7,7,7,7,7,7,7,7,6,6,4,5,2,3
932,4,5,4,5,4,6,6,6,6,6,5,5,4,6,6,6,6,6,3,4,3,5
933,5,6,4,4,4,2,2,2,6,2,6,7,5,2,3,1,3,3,3,4,3,1
934,1,1,1,1,1,1,2,2,1,1,1,3,2,4,4,4,4,7,6,6,2,3
935,7,7,7,7,7,7,7,7,7,7,7,7,7,7,7,7,7,7,5,5,2,3
936,7,5,4,5,7,7,4,3,3,6,6,3,3,6,6,5,6,7,5,4,1,2
937,7,7,7,7,7,6,5,5,6,7,7,7,7,7,7,7,7,7,6,6,5,5
938,7,7,7,7,7,7,7,7,7,7,7,7,7,7,7,7,7,7,2,6,3,3
939,7,4,4,4,7,7,7,7,7,7,7,7,7,7,7,7,7,7,5,4,1,2
940,7,7,7,6,7,6,4,5,4,6,5,5,4,6,6,7,7,7,6,6,3,4
941,7,7,7,6,6,4,4,6,6,5,5,5,5,6,6,6,7,6,3,6,5,4
942,7,7,7,7,7,5,4,4,4,6,7,5,5,7,7,7,7,7,5,6,4,4
943,5,5,4,5,5,6,7,7,7,7,7,7,7,7,7,6,7,7,6,6,3,4
944,7,7,7,7,7,6,5,6,5,7,7,5,6,7,7,6,7,7,6,6,5,8
945,7,7,7,7,7,7,7,7,7,7,7,7,7,7,7,7,7,7,4,6,1,1
946,7,7,7,7,7,4,4,5,5,5,7,7,7,6,6,6,6,6,6,6,3,2
947,7,7,7,7,7,7,6,6,7,6,7,6,6,7,7,7,7,7,6,6,3,5
948,7,7,7,7,7,5,7,6,7,6,7,7,7,7,6,7,7,7,6,6,4,6
949,7,5,6,6,7,7,5,6,7,7,7,6,6,5,6,7,7,6,6,6,3,4
950,7,7,7,7,7,4,7,7,7,4,1,1,4,5,5,5,6,7,6,6,5,7
951,6,7,7,7,7,7,5,7,7,6,7,6,7,6,6,7,6,6,6,5,3,6
952,7,7,7,7,7,7,4,7,6,7,7,7,7,7,6,6,6,6,6,6,4,5
953,7,7,7,7,7,5,5,5,6,5,4,4,5,6,5,5,5,5,6,6,3,4
954,7,7,7,7,6,4,5,5,6,4,7,4,4,6,6,6,6,7,6,6,3,3
955,7,7,7,7,7,7,6,6,6,7,7,7,7,7,7,7,7,7,6,6,3,7
956,7,7,7,7,7,6,5,6,6,6,7,5,7,7,7,7,7,7,6,6,3,7
957,7,7,7,4,6,4,4,5,4,4,5,5,5,5,5,6,5,5,6,6,4,4
958,4,4,5,5,5,5,4,5,6,6,4,4,2,7,5,5,7,6,6,5,3,4
959,7,7,5,6,6,6,5,5,5,5,7,7,7,7,7,7,7,7,6,6,4,6
960,7,7,7,7,7,7,7,7,7,7,7,7,7,7,7,7,7,7,6,6,4,4
961,7,7,7,7,7,7,7,7,7,7,7,7,7,7,7,7,7,7,6,6,5,4
962,7,7,7,7,7,6,6,6,6,6,4,4,4,6,6,6,7,7,6,3,4,3
963,7,6,6,7,7,7,7,7,7,7,6,4,4,6,5,5,6,6,6,6,5,5
964,7,7,7,7,7,7,7,7,7,7,6,5,4,6,6,6,7,6,6,6,1,4
965,6,6,7,7,7,6,6,6,6,6,6,6,6,6,6,6,4,4,4,6,1,2
966,6,6,6,6,6,6,6,6,6,6,6,7,6,6,6,6,6,6,3,4,4,3
967,6,7,7,7,7,6,6,6,6,6,7,7,7,4,5,6,7,7,3,6,3,2
968,7,7,6,6,7,7,7,7,7,7,7,6,7,6,6,6,5,5,4,5,2,3
969,7,7,7,7,7,6,6,6,7,6,7,7,7,5,5,5,6,6,5,6,3,6
970,7,7,7,7,7,7,7,4,6,6,7,7,7,7,7,7,7,7,6,6,1,1
971,7,7,7,7,7,6,6,5,6,6,6,4,4,6,6,6,6,6,6,6,2,1
972,5,6,7,7,6,7,6,6,7,7,6,5,6,6,6,6,6,6,6,6,3,4
973,7,4,6,7,7,5,2,4,3,6,1,3,7,5,5,4,5,5,3,6,1,1
974,7,7,7,7,7,7,7,7,7,7,5,5,7,7,6,5,4,3,2,4,1,1
975,7,7,7,6,7,7,7,7,7,6,7,7,7,7,7,7,7,7,6,6,3,1
976,7,7,7,7,7,7,6,6,6,6,5,6,5,5,4,5,5,6,1,1,1,1
977,7,7,7,7,7,7,7,7,7,7,7,7,7,6,6,6,6,6,6,6,3,1
978,7,7,7,7,7,6,5,5,7,5,7,7,7,5,5,5,5,5,6,6,3,2
979,7,7,7,7,7,5,5,5,5,6,6,5,5,6,6,6,6,6,6,6,3,4
980,7,7,7,7,7,7,5,7,7,6,7,7,7,7,7,7,7,7,2,5,4,5
981,7,7,7,7,7,4,4,6,5,2,7,6,7,4,4,4,5,5,5,6,3,2
982,7,6,6,6,7,7,6,6,6,7,7,7,7,6,5,3,2,2,6,6,4,6
983,7,7,7,7,7,7,7,6,7,7,7,6,7,6,6,6,6,7,6,5,3,2
984,7,7,5,6,6,4,4,4,4,7,4,4,1,6,6,5,6,7,1,1,2,2
985,4,4,5,4,3,5,3,4,4,5,4,4,5,4,4,4,4,4,5,5,2,2
986,7,7,7,7,7,7,7,4,4,4,7,5,5,6,7,6,6,6,2,6,5,2
987,5,5,5,6,4,5,4,5,4,6,7,6,5,7,6,6,6,6,6,6,3,3
988,7,6,6,7,7,7,7,6,1,6,6,6,6,6,6,6,6,7,4,6,1,1
989,7,7,7,7,7,6,4,6,6,5,7,7,7,7,7,7,7,7,3,5,2,3
990,7,7,7,7,7,7,6,7,7,7,7,5,6,7,7,7,7,7,6,6,5,4
991,7,5,6,6,5,6,5,6,4,4,5,5,5,5,5,5,5,5,4,6,5,3
992,7,7,7,6,6,5,4,4,4,4,7,5,5,6,6,4,6,7,2,4,1,4
993,7,7,7,6,7,7,7,6,6,7,7,5,5,6,7,6,6,7,1,6,5,2
994,7,7,7,7,7,7,6,6,7,7,7,7,7,7,7,7,6,6,5,6,1,2
995,5,4,4,4,5,5,4,4,4,5,2,2,2,7,7,7,7,7,2,4,2,2
996,7,7,7,6,6,6,6,6,6,6,7,6,7,7,6,6,6,6,6,6,3,2
997,7,7,7,7,7,7,7,7,7,7,7,7,7,7,7,7,7,7,6,6,5,1
998,6,7,6,6,6,3,2,4,3,4,6,5,6,7,7,7,6,7,5,6,1,3
999,7,7,7,7,7,5,4,5,5,5,7,6,6,7,7,7,7,7,5,6,2,3
1000,7,7,7,7,7,6,6,6,1,7,6,5,6,6,6,5,7,7,4,6,4,8
1001,7,7,7,7,7,7,7,7,7,7,7,7,7,7,7,7,7,7,6,6,2,3
1002,5,5,5,6,6,6,5,5,5,6,6,6,6,6,6,7,7,7,3,6,1,1
1003,7,7,7,7,7,7,6,6,7,7,7,7,7,6,5,6,7,5,6,6,3,2
1004,7,7,7,7,7,7,7,7,7,7,7,7,7,7,7,7,7,7,6,6,3,2
1005,6,7,7,6,6,6,6,6,7,6,7,7,5,6,6,7,7,6,4,6,2,3
1006,7,7,7,7,7,5,7,7,7,5,7,7,7,7,7,7,7,7,6,6,3,1
1007,7,7,6,6,7,7,7,7,7,7,7,7,7,2,2,2,2,2,1,4,2,1
1008,7,7,7,7,7,7,5,5,5,5,6,6,6,6,6,6,6,6,3,2,1,3
1009,7,7,7,7,7,7,7,7,7,6,7,7,7,7,7,7,7,7,5,6,4,3
1010,7,7,7,7,7,7,1,6,6,7,6,6,6,6,6,6,6,7,6,6,5,6
1011,7,7,7,7,7,7,6,7,6,6,7,5,6,6,7,5,7,7,6,6,2,2
1012,7,7,7,7,7,5,6,5,5,6,6,6,7,6,6,6,7,7,6,6,3,2
1013,7,7,7,7,7,7,7,7,7,7,7,7,7,7,7,7,7,7,6,6,1,1
1014,7,7,7,7,7,5,5,5,7,5,7,7,7,7,7,7,7,7,6,6,3,3
1015,7,7,7,7,7,7,7,7,7,7,7,6,6,5,4,4,5,5,5,6,3,5
1016,7,7,7,7,7,7,7,7,7,7,7,7,7,6,6,6,6,6,1,1,5,2
1017,7,7,7,7,7,7,7,6,7,6,7,6,6,7,7,7,7,7,6,6,1,3
1018,7,7,7,7,7,7,7,7,7,7,6,1,1,5,5,5,5,5,6,6,3,1
1019,7,7,6,6,7,7,6,7,6,7,7,7,6,1,3,2,3,3,6,6,3,1
1020,7,7,7,5,7,7,7,7,7,5,7,7,7,6,6,6,6,6,6,6,3,1
1021,7,7,7,7,7,7,7,7,7,7,6,3,7,4,4,4,4,4,6,6,5,5
1022,7,7,7,7,7,5,6,6,7,7,6,5,7,6,6,6,6,6,6,6,2,3
1023,7,6,6,6,6,6,6,6,6,6,6,6,6,5,5,5,5,5,6,6,5,1
1024,7,7,7,7,7,7,6,6,5,6,7,7,7,6,6,6,7,7,3,6,2,3
1025,7,7,7,7,7,4,7,4,5,4,3,1,1,6,6,5,6,7,1,1,2,1
1026,7,7,7,7,7,3,3,3,3,7,6,6,6,5,5,5,6,7,3,6,1,2
1027,7,7,7,7,7,7,6,6,6,5,7,5,5,6,6,6,6,6,4,4,2,6
1028,7,6,6,6,5,7,4,4,5,4,4,4,7,4,4,6,6,7,6,6,4,5
1029,7,7,6,7,7,7,7,7,7,7,7,6,6,7,6,7,6,7,6,6,5,9
1030,7,7,7,7,7,7,6,7,6,6,6,5,7,6,6,6,6,6,6,6,3,5
1031,5,7,7,7,7,7,7,7,5,7,7,5,5,7,7,7,6,6,5,5,3,3
1032,7,7,7,7,7,7,7,7,6,6,7,6,6,4,4,4,4,7,6,6,3,5
1033,7,7,7,7,7,4,5,6,6,6,6,6,6,6,6,6,6,6,5,6,2,1
1034,7,7,7,7,7,7,7,7,7,7,7,7,7,7,7,7,6,6,6,6,5,11
1035,7,7,7,6,7,6,7,7,7,7,7,6,7,5,4,4,6,7,6,6,1,1
1036,7,7,7,7,7,7,7,7,7,7,7,7,7,7,7,7,7,7,4,6,3,5
1037,2,6,5,4,6,6,2,5,2,4,7,7,7,5,5,4,5,5,4,6,1,1
1038,6,6,6,7,7,2,4,4,5,5,5,5,7,5,5,6,6,6,5,6,2,3
1039,7,1,5,5,7,7,7,6,6,5,6,5,6,6,4,4,3,5,5,3,1,1
1040,7,7,7,7,7,7,7,7,7,7,7,7,7,6,6,6,7,7,6,6,5,4
1041,7,7,7,7,7,7,5,7,7,6,7,7,7,7,7,7,7,7,6,6,4,2
1042,7,7,7,7,7,7,3,5,6,6,4,4,7,6,6,6,5,5,5,6,3,6
1043,7,7,7,7,7,7,7,7,6,7,6,4,6,7,6,5,5,7,6,6,5,5
1044,7,7,7,7,7,7,7,7,7,7,7,7,7,7,7,7,6,6,6,6,3,1
1045,6,6,5,6,4,7,7,6,4,5,4,4,5,6,6,6,6,6,5,6,5,2
1046,6,5,5,5,7,7,5,7,6,6,5,6,5,6,6,6,6,7,6,6,3,4
1047,7,7,7,7,7,7,7,7,7,7,7,7,7,7,7,7,7,7,5,6,2,5
1048,6,7,6,6,6,7,4,6,5,6,6,5,6,4,4,4,5,5,2,4,3,3
1049,7,7,7,7,7,7,4,5,7,5,7,7,4,7,6,5,6,7,4,3,1,1
1050,6,7,7,6,7,6,5,4,5,5,6,6,7,6,6,6,6,6,5,6,2,3
1051,7,7,7,7,7,6,6,6,6,6,7,6,6,7,7,7,7,7,6,6,3,4
1052,5,6,6,6,5,5,5,6,5,5,6,6,6,6,6,6,6,6,5,5,3,4
1053,7,4,7,4,1,1,1,1,4,4,1,4,4,5,4,3,5,5,3,5,2,2
1054,7,7,7,7,7,7,6,7,6,6,6,4,7,6,6,6,6,6,6,6,3,5
1055,7,7,7,7,7,4,5,6,6,6,6,6,6,6,6,6,6,6,6,6,4,2
1056,7,7,7,7,7,5,6,6,6,6,6,5,6,6,6,6,6,6,5,6,2,2
1057,4,7,7,7,7,1,1,3,4,4,7,4,4,5,4,3,4,6,5,5,1,1
1058,7,5,7,7,7,5,5,5,6,6,6,5,5,7,7,7,7,7,2,6,1,1
1059,7,7,7,7,7,7,6,6,7,7,7,7,7,7,7,7,7,7,6,6,3,3
1060,7,7,7,7,7,5,4,4,5,4,5,4,4,6,5,5,6,6,2,5,1,1
1061,7,6,7,6,6,3,6,5,5,5,5,5,5,5,3,3,5,5,6,5,5,2
1062,7,7,6,7,7,6,6,7,4,7,7,4,7,6,6,5,6,6,4,4,1,2
1063,6,7,7,7,7,6,6,6,6,6,6,6,6,6,6,6,6,6,2,5,2,1
1064,7,7,6,7,6,6,6,6,6,6,6,6,7,6,5,6,7,7,6,6,3,5
1065,7,7,7,7,7,6,6,6,5,5,7,7,7,7,7,7,7,7,2,5,1,3
1066,7,7,6,6,7,6,6,6,6,7,7,4,7,6,6,6,6,6,6,6,3,5
1067,7,1,7,4,7,5,2,7,1,6,5,5,5,7,7,7,7,7,2,4,1,1
1068,7,7,7,7,7,7,7,6,7,7,7,7,7,6,6,6,7,6,6,6,2,4
1069,7,7,7,7,7,7,6,7,6,6,7,7,7,5,5,6,6,6,6,6,5,11
1070,6,6,6,5,5,7,5,4,4,5,5,5,5,6,5,5,6,6,4,5,4,6
1071,7,7,7,7,7,7,6,7,7,7,7,7,7,7,7,7,6,6,6,6,3,3
1072,3,3,3,3,3,3,2,3,2,2,3,3,3,3,3,3,3,3,2,5,1,1
1073,7,7,7,7,7,7,5,6,6,6,6,4,6,7,7,7,7,7,5,5,3,5
1074,7,7,6,7,7,7,6,7,7,7,7,7,7,4,4,4,4,4,6,6,1,2
1075,7,7,6,6,7,4,3,4,4,6,7,7,7,4,5,6,7,5,4,1,2,1
1076,7,7,7,7,7,7,7,7,7,7,7,7,7,7,7,7,6,7,6,6,1,2
1077,7,7,6,6,7,5,5,6,6,5,7,7,7,6,6,7,7,7,6,6,5,1
1078,7,7,7,7,7,6,7,5,6,7,7,7,7,6,6,6,6,6,6,6,3,2
1079,7,7,7,7,7,6,7,5,6,7,7,7,7,6,6,6,6,6,6,6,3,2
1080,5,6,6,6,7,7,1,6,5,7,4,6,7,7,7,6,5,5,6,6,1,1
1081,7,7,7,7,7,7,7,7,7,7,7,4,6,7,7,7,7,7,6,6,5,2
1082,7,7,7,7,7,1,1,4,4,4,4,4,4,5,5,5,6,6,6,6,3,2
1083,6,7,7,6,7,7,6,6,6,7,7,7,7,6,6,6,6,6,6,5,3,2
1084,7,7,7,7,7,7,7,7,7,7,7,7,7,7,7,7,7,7,6,6,5,8
1085,6,4,5,4,7,4,6,6,5,6,6,5,6,6,5,6,5,6,6,4,1,1
1086,7,7,4,6,7,7,7,7,7,7,7,7,5,6,6,6,6,6,6,6,4,1
1087,7,6,7,7,7,6,4,4,4,5,7,3,6,7,6,5,6,6,6,6,3,3
1088,7,7,7,7,7,6,4,7,4,7,7,7,7,5,5,5,5,5,5,5,2,3
1089,7,6,4,7,7,3,3,3,2,1,3,4,3,7,7,7,7,7,2,3,3,2
1090,7,7,7,7,6,6,5,5,6,6,6,7,7,6,6,6,6,6,5,4,2,3
1091,7,7,7,7,7,7,7,7,7,7,7,7,7,6,6,6,6,6,4,3,3,1
1092,7,7,7,7,7,4,4,4,4,7,7,7,7,7,7,7,7,7,5,3,2,3
1093,6,7,7,7,6,5,5,5,5,6,6,5,5,5,5,5,5,5,4,3,2,2
1094,5,6,6,6,6,5,3,3,3,3,3,1,2,6,5,5,6,6,2,2,2,2
1095,6,7,7,6,7,7,5,7,7,6,7,7,7,7,7,7,6,6,5,4,4,3
1096,7,7,7,7,7,7,7,6,6,7,7,7,7,7,7,7,7,7,6,6,1,4
1097,7,7,7,7,7,7,7,7,7,7,7,7,7,7,7,7,7,7,6,6,5,2
1098,7,6,7,7,7,7,7,6,7,6,7,6,7,6,6,6,7,6,6,6,1,2
1099,7,7,7,7,7,7,4,4,7,4,7,6,7,7,7,7,6,6,1,3,1,1
1100,7,7,7,7,7,7,6,7,7,7,7,7,7,7,7,7,7,7,5,6,3,2
1101,7,7,7,5,6,7,7,7,6,7,7,6,7,7,7,7,7,7,6,6,5,2
1102,7,7,6,7,7,7,7,7,7,7,7,7,7,7,7,7,7,7,6,4,3,3
1103,7,7,7,7,7,7,6,6,4,6,4,4,7,7,7,7,7,7,6,6,5,10
1104,7,7,7,5,7,6,5,5,6,6,7,5,6,6,6,6,6,6,4,6,3,5
1105,7,7,6,6,7,5,1,1,1,4,7,7,7,5,4,6,5,4,1,1,2,4
1106,7,7,7,7,7,7,5,7,6,7,7,5,6,7,7,7,7,7,6,6,5,10
1107,7,7,7,7,7,6,7,7,7,7,5,5,5,7,7,7,7,7,6,6,5,4
1108,6,6,6,6,6,7,5,6,5,7,7,5,6,7,7,7,7,7,6,6,5,5
1109,4,4,4,4,4,3,3,2,3,3,2,2,2,3,4,3,4,5,1,1,1,1
1110,7,7,7,7,7,6,6,6,5,6,7,7,7,5,4,5,5,5,6,6,4,4
1111,7,5,5,6,6,6,5,6,7,7,6,6,7,6,6,6,6,6,3,5,3,4
1112,6,7,7,5,7,5,7,7,3,4,3,1,3,7,7,7,7,7,6,6,3,3
1113,7,7,7,7,7,6,6,5,5,7,7,7,7,5,6,6,7,7,4,6,2,4
1114,7,7,7,7,7,7,7,7,7,7,7,7,7,7,7,7,7,7,6,6,4,5
1115,6,7,7,6,6,6,6,5,6,6,5,5,5,6,6,6,6,6,5,6,3,5
1116,7,7,7,7,7,4,4,1,4,5,7,6,7,7,7,7,7,7,3,5,1,1
1117,7,7,7,7,7,7,7,7,7,7,7,7,7,6,6,7,7,6,4,5,2,2
1118,4,5,4,4,5,7,7,7,7,7,7,7,5,6,6,6,7,7,2,6,3,1
1119,6,7,5,6,7,5,4,3,4,4,7,6,5,5,5,5,4,4,1,1,1,1
1120,7,7,7,7,7,7,7,7,7,7,7,7,7,7,7,7,7,7,6,6,4,3
1121,6,6,6,7,6,6,5,6,6,7,7,7,6,7,6,6,7,6,6,6,3,4
1122,1,4,7,7,7,1,7,4,4,1,7,7,7,7,7,6,6,6,1,1,1,1
1123,4,6,4,5,6,6,4,3,3,5,1,1,1,6,5,5,7,7,2,4,1,2
1124,7,7,7,7,7,6,6,6,6,7,6,6,6,7,6,7,7,6,6,6,3,4
1125,7,7,7,7,7,4,4,4,3,4,3,4,4,5,4,5,5,5,2,5,3,2
1126,4,6,4,5,3,6,5,4,6,4,3,5,6,6,6,6,5,5,3,4,2,3
1127,4,7,7,7,7,7,6,6,7,6,7,7,7,7,7,7,7,7,6,5,3,2
1128,7,7,7,7,7,7,7,7,7,7,7,7,7,7,7,7,7,7,6,5,3,1
1129,7,7,7,7,7,7,7,7,7,7,7,7,7,7,7,7,7,7,6,6,5,3
1130,5,5,5,5,6,7,6,5,6,7,7,6,6,5,5,5,5,5,2,4,1,2
1131,6,7,7,6,7,7,1,6,6,4,7,1,7,3,3,3,4,4,1,1,2,1
1132,7,6,7,6,6,7,6,6,6,7,7,6,6,7,6,6,6,7,4,6,3,1
1133,7,4,4,4,6,7,4,7,4,4,7,7,7,5,5,5,5,5,6,5,3,2
1134,6,7,7,6,7,4,5,5,6,6,7,6,7,6,5,5,5,5,6,6,2,2
1135,7,7,7,7,7,7,7,7,7,7,7,7,7,7,7,7,7,7,6,6,3,3
1136,7,6,7,6,7,6,7,6,5,5,6,2,3,6,6,6,6,6,4,5,2,5
1137,7,7,7,7,7,5,5,6,5,5,6,5,6,6,6,6,6,6,2,4,2,1
1138,7,7,7,7,7,5,3,3,5,5,4,3,6,3,4,1,5,5,3,3,2,1
1139,7,7,7,5,7,7,5,6,4,5,5,2,5,5,5,5,5,5,6,5,4,3
1140,7,7,7,7,7,4,4,4,1,6,7,7,7,5,5,5,5,6,1,1,1,2
1141,7,7,7,7,7,7,7,7,7,7,7,7,7,6,6,6,6,6,6,6,3,5
1142,4,7,4,7,6,4,4,4,6,4,7,4,4,7,7,7,5,5,4,4,1,1
1143,7,7,7,7,7,7,5,6,7,7,7,7,7,7,7,7,6,7,5,6,3,4
1144,6,6,7,7,7,6,6,5,5,5,6,5,4,7,7,6,7,7,3,3,2,2
1145,6,6,4,6,6,6,5,6,6,5,6,6,7,6,6,6,7,7,6,6,3,3
1146,7,7,7,7,7,6,4,4,6,5,7,4,7,7,5,7,7,7,4,4,3,3
1147,2,6,4,2,2,6,2,2,3,4,7,4,7,7,7,7,7,7,6,4,4,4
1148,7,7,7,7,7,7,7,7,7,7,7,5,5,7,7,7,7,7,4,4,3,3
1149,7,7,6,4,5,4,5,4,6,6,6,4,4,7,7,7,7,7,1,3,4,3
1150,7,7,7,7,7,1,5,5,1,1,7,7,7,7,7,7,7,7,3,5,1,5
1151,6,7,7,6,6,6,5,5,4,4,5,6,6,6,6,7,6,6,6,4,2,1
1152,7,7,7,7,7,7,4,7,7,7,7,7,7,7,7,7,7,7,6,6,5,1
1153,7,7,7,7,7,6,7,7,7,6,7,7,7,7,7,7,7,7,6,5,3,1
1154,4,4,4,6,6,4,4,4,4,5,5,5,5,5,4,4,5,4,6,6,5,2
1155,5,5,6,4,5,6,5,5,5,5,6,5,6,6,6,6,6,6,6,6,3,3
1156,7,7,7,7,7,6,3,6,6,3,6,6,6,7,7,7,7,7,6,5,3,1
1157,7,7,7,7,7,7,6,5,7,7,7,6,7,7,7,7,7,7,6,4,3,2
1158,7,7,7,6,7,5,6,7,7,7,6,6,7,6,7,7,7,7,6,6,3,1
1159,7,7,7,7,7,7,7,7,7,7,7,7,7,7,7,7,7,7,6,6,5,1
1160,7,6,7,7,7,6,4,5,4,6,6,6,7,6,6,6,7,6,6,6,3,1
1161,7,7,7,7,7,6,6,7,6,6,7,7,7,7,7,7,7,7,6,5,3,3
1162,4,6,6,6,6,6,5,6,5,6,5,5,6,6,6,6,6,6,3,3,2,2
1163,6,6,7,7,7,5,5,6,6,6,6,4,5,6,5,6,6,6,5,5,5,1
1164,7,7,7,7,7,7,7,7,7,7,7,7,6,7,7,7,7,7,6,6,5,1
1165,7,7,7,7,7,7,6,6,5,6,6,6,7,5,5,5,5,5,6,5,4,1
1166,7,7,7,5,5,7,6,7,6,7,7,7,7,7,7,7,7,7,5,5,3,1
1167,6,7,6,7,7,4,4,5,7,7,7,4,5,7,7,7,7,5,6,5,4,3
1168,7,7,7,7,7,7,6,7,7,7,7,7,4,5,5,5,5,5,6,6,3,1
1169,7,7,6,6,7,5,5,6,5,5,6,6,7,6,6,6,5,5,6,6,3,1
1170,7,5,7,5,6,5,4,5,6,6,6,6,6,6,6,6,6,6,5,5,3,3
1171,7,7,7,6,7,6,7,7,7,5,6,4,4,6,6,6,6,6,6,6,3,3
1172,7,7,7,7,7,6,6,7,6,6,7,7,7,7,7,7,7,7,6,6,3,4
1173,5,6,7,7,6,7,6,7,6,7,7,7,7,5,5,6,7,6,6,6,3,3
1174,7,7,7,7,7,7,7,5,4,5,7,7,7,7,7,7,7,7,6,6,3,3
1175,7,7,7,7,7,7,5,5,5,5,7,7,7,6,6,5,6,6,6,6,2,2
1176,7,7,7,7,7,6,5,5,6,6,7,6,7,5,5,5,5,5,6,6,1,1
1177,7,7,7,7,7,7,7,7,7,7,7,5,7,5,5,6,7,5,6,5,3,5
1178,7,6,5,6,7,7,6,7,7,7,7,6,7,6,7,6,7,5,3,4,4,2
1179,7,7,7,7,7,7,7,6,7,6,6,6,7,7,7,7,7,7,6,6,2,1
1180,7,7,6,7,5,7,6,6,7,7,5,5,5,3,4,4,3,3,1,3,3,7
1181,6,6,4,5,6,7,5,7,5,6,5,4,7,6,6,6,6,6,6,6,3,2
1182,7,7,7,7,7,7,7,7,7,7,7,7,7,7,7,7,7,7,6,6,5,3
1183,7,7,7,7,7,7,7,7,7,7,7,7,5,7,7,7,7,7,6,6,5,7
1184,7,7,7,7,7,7,6,7,7,7,7,7,7,6,6,5,6,6,6,6,1,1
1185,7,7,7,7,7,7,7,7,7,7,7,4,7,3,5,3,3,3,6,6,4,2
1186,7,7,7,7,7,6,7,7,7,6,7,7,7,6,6,6,7,7,6,6,2,2
1187,7,7,7,7,7,7,6,6,6,7,7,7,7,6,6,6,7,7,6,6,4,4
1188,6,6,5,6,6,7,5,7,6,6,7,6,6,6,7,6,7,7,6,6,3,3
1189,7,5,5,5,5,7,6,6,6,6,7,6,6,6,6,6,5,6,5,5,3,3
1190,7,7,7,7,7,7,6,5,5,6,7,7,7,6,6,6,6,6,6,6,5,3
